score_type,distance_bin,distance_min,distance_max,pair_count,metric,low_count,low_unique_count,high_count,source_anchor_count,low_coview_mean,high_coview_mean,low_distance_mean,high_distance_mean,mean_absolute_distance_mismatch,low_metric_mean,high_metric_mean,high_minus_low
binary_jaccard,0,0.004123168192906589,0.04319713678282911,10492,feature_cosine,10492,7055,10492,2867,0.9764957427978516,0.9961872696876526,0.03388732702669031,0.03386190812631382,0.00041763420389292246,0.2587904632091522,0.26986750960350037,0.011077046394348145
binary_jaccard,0,0.004123168192906589,0.04319713678282911,10492,feature_l2,10492,7055,10492,2867,0.9764957427978516,0.9961872696876526,0.03388732702669031,0.03386190812631382,0.00041763420389292246,11.301363945007324,11.267285346984863,-0.03407859802246094
binary_jaccard,0,0.004123168192906589,0.04319713678282911,10492,scaling_l2,10492,7055,10492,2867,0.9764957427978516,0.9961872696876526,0.03388732702669031,0.03386190812631382,0.00041763420389292246,0.026970913633704185,0.026345111429691315,-0.0006258022040128708
binary_jaccard,0,0.004123168192906589,0.04319713678282911,10492,offset_l2,10492,7055,10492,2867,0.9764957427978516,0.9961872696876526,0.03388732702669031,0.03386190812631382,0.00041763420389292246,6.703775882720947,6.6758036613464355,-0.02797222137451172
binary_jaccard,1,0.04319713678282911,0.05436009516305885,10492,feature_cosine,10492,7583,10492,3944,0.9700143337249756,0.9946214556694031,0.04901888509599269,0.04900295556417893,0.0004042981856859666,0.2701825797557831,0.27194663882255554,0.001764059066772461
binary_jaccard,1,0.04319713678282911,0.05436009516305885,10492,feature_l2,10492,7583,10492,3944,0.9700143337249756,0.9946214556694031,0.04901888509599269,0.04900295556417893,0.0004042981856859666,11.07537841796875,11.097155570983887,0.02177715301513672
binary_jaccard,1,0.04319713678282911,0.05436009516305885,10492,scaling_l2,10492,7583,10492,3944,0.9700143337249756,0.9946214556694031,0.04901888509599269,0.04900295556417893,0.0004042981856859666,0.03210282698273659,0.03146752342581749,-0.0006353035569190979
binary_jaccard,1,0.04319713678282911,0.05436009516305885,10492,offset_l2,10492,7583,10492,3944,0.9700143337249756,0.9946214556694031,0.04901888509599269,0.04900295556417893,0.0004042981856859666,6.702892780303955,6.679876804351807,-0.023015975952148438
binary_jaccard,2,0.05436009516305885,0.06401558643794983,10492,feature_cosine,10492,7773,10492,4487,0.9637041091918945,0.9931314587593079,0.0592624130253922,0.0592437193938276,0.00040991965160908593,0.2790038585662842,0.2842080891132355,0.005204230546951294
binary_jaccard,2,0.05436009516305885,0.06401558643794983,10492,feature_l2,10492,7773,10492,4487,0.9637041091918945,0.9931314587593079,0.0592624130253922,0.0592437193938276,0.00040991965160908593,10.929113388061523,10.873058319091797,-0.05605506896972656
binary_jaccard,2,0.05436009516305885,0.06401558643794983,10492,scaling_l2,10492,7773,10492,4487,0.9637041091918945,0.9931314587593079,0.0592624130253922,0.0592437193938276,0.00040991965160908593,0.034377627074718475,0.034289754927158356,-8.787214756011963e-05
binary_jaccard,2,0.05436009516305885,0.06401558643794983,10492,offset_l2,10492,7773,10492,4487,0.9637041091918945,0.9931314587593079,0.0592624130253922,0.0592437193938276,0.00040991965160908593,6.731155872344971,6.6476216316223145,-0.08353424072265625
binary_jaccard,3,0.06401558643794983,0.07279425254390333,10492,feature_cosine,10492,7988,10492,4791,0.956900954246521,0.9916264414787292,0.06837948882195818,0.06836639821961377,0.0004035752815768553,0.28741100430488586,0.2837487459182739,-0.0036622583866119385
binary_jaccard,3,0.06401558643794983,0.07279425254390333,10492,feature_l2,10492,7988,10492,4791,0.956900954246521,0.9916264414787292,0.06837948882195818,0.06836639821961377,0.0004035752815768553,10.790762901306152,10.84511947631836,0.05435657501220703
binary_jaccard,3,0.06401558643794983,0.07279425254390333,10492,scaling_l2,10492,7988,10492,4791,0.956900954246521,0.9916264414787292,0.06837948882195818,0.06836639821961377,0.0004035752815768553,0.03705580160021782,0.03755465894937515,0.0004988573491573334
binary_jaccard,3,0.06401558643794983,0.07279425254390333,10492,offset_l2,10492,7988,10492,4791,0.956900954246521,0.9916264414787292,0.06837948882195818,0.06836639821961377,0.0004035752815768553,6.60554838180542,6.651597499847412,0.04604911804199219
binary_jaccard,4,0.07279425254390333,0.08220706120280699,10492,feature_cosine,10492,8091,10492,4953,0.9519330859184265,0.9905930757522583,0.07751528436368174,0.07751101841146818,0.0004000269932497422,0.2885047495365143,0.2860686480998993,-0.0024361014366149902
binary_jaccard,4,0.07279425254390333,0.08220706120280699,10492,feature_l2,10492,8091,10492,4953,0.9519330859184265,0.9905930757522583,0.07751528436368174,0.07751101841146818,0.0004000269932497422,10.812737464904785,10.830723762512207,0.017986297607421875
binary_jaccard,4,0.07279425254390333,0.08220706120280699,10492,scaling_l2,10492,8091,10492,4953,0.9519330859184265,0.9905930757522583,0.07751528436368174,0.07751101841146818,0.0004000269932497422,0.03994324430823326,0.03950538486242294,-0.000437859445810318
binary_jaccard,4,0.07279425254390333,0.08220706120280699,10492,offset_l2,10492,8091,10492,4953,0.9519330859184265,0.9905930757522583,0.07751528436368174,0.07751101841146818,0.0004000269932497422,6.65431022644043,6.645505428314209,-0.008804798126220703
binary_jaccard,5,0.08220706120280699,0.09413279578372148,10492,feature_cosine,10492,8232,10492,4921,0.9468986988067627,0.9895906448364258,0.08785325729380897,0.08784505360809511,0.00040681560253422893,0.28728270530700684,0.28400400280952454,-0.0032787024974823
binary_jaccard,5,0.08220706120280699,0.09413279578372148,10492,feature_l2,10492,8232,10492,4921,0.9468986988067627,0.9895906448364258,0.08785325729380897,0.08784505360809511,0.00040681560253422893,10.775586128234863,10.750507354736328,-0.025078773498535156
binary_jaccard,5,0.08220706120280699,0.09413279578372148,10492,scaling_l2,10492,8232,10492,4921,0.9468986988067627,0.9895906448364258,0.08785325729380897,0.08784505360809511,0.00040681560253422893,0.045173704624176025,0.045098889619112015,-7.481500506401062e-05
binary_jaccard,5,0.08220706120280699,0.09413279578372148,10492,offset_l2,10492,8232,10492,4921,0.9468986988067627,0.9895906448364258,0.08785325729380897,0.08784505360809511,0.00040681560253422893,6.835142135620117,6.82761287689209,-0.007529258728027344
binary_jaccard,6,0.09413279578372148,0.11090086485602309,10492,feature_cosine,10492,8473,10492,4636,0.9399124383926392,0.9877410531044006,0.10187231765926563,0.10186396014803219,0.0004047646253428639,0.2703307867050171,0.2779863178730011,0.007655531167984009
binary_jaccard,6,0.09413279578372148,0.11090086485602309,10492,feature_l2,10492,8473,10492,4636,0.9399124383926392,0.9877410531044006,0.10187231765926563,0.10186396014803219,0.0004047646253428639,10.887533187866211,10.822593688964844,-0.06493949890136719
binary_jaccard,6,0.09413279578372148,0.11090086485602309,10492,scaling_l2,10492,8473,10492,4636,0.9399124383926392,0.9877410531044006,0.10187231765926563,0.10186396014803219,0.0004047646253428639,0.05607771500945091,0.05480623245239258,-0.0012714825570583344
binary_jaccard,6,0.09413279578372148,0.11090086485602309,10492,offset_l2,10492,8473,10492,4636,0.9399124383926392,0.9877410531044006,0.10187231765926563,0.10186396014803219,0.0004047646253428639,6.98787784576416,6.98877477645874,0.0008969306945800781
binary_jaccard,7,0.11090086485602309,0.13767571420525962,10492,feature_cosine,10492,8520,10492,4294,0.9306276440620422,0.9853871464729309,0.12322277177290726,0.12321697311582164,0.0004141250302137206,0.2817164361476898,0.2756889760494232,-0.0060274600982666016
binary_jaccard,7,0.11090086485602309,0.13767571420525962,10492,feature_l2,10492,8520,10492,4294,0.9306276440620422,0.9853871464729309,0.12322277177290726,0.12321697311582164,0.0004141250302137206,10.7282133102417,10.754820823669434,0.026607513427734375
binary_jaccard,7,0.11090086485602309,0.13767571420525962,10492,scaling_l2,10492,8520,10492,4294,0.9306276440620422,0.9853871464729309,0.12322277177290726,0.12321697311582164,0.0004141250302137206,0.0709310993552208,0.07141983509063721,0.0004887357354164124
binary_jaccard,7,0.11090086485602309,0.13767571420525962,10492,offset_l2,10492,8520,10492,4294,0.9306276440620422,0.9853871464729309,0.12322277177290726,0.12321697311582164,0.0004141250302137206,6.99854850769043,7.035177230834961,0.03662872314453125
binary_jaccard,8,0.13767571420525962,0.18863721601953584,10491,feature_cosine,10491,8694,10491,3884,0.9234148263931274,0.9830867052078247,0.15982520400483363,0.15982931495743666,0.00043459845075758524,0.27996912598609924,0.276795893907547,-0.003173232078552246
binary_jaccard,8,0.13767571420525962,0.18863721601953584,10491,feature_l2,10491,8694,10491,3884,0.9234148263931274,0.9830867052078247,0.15982520400483363,0.15982931495743666,0.00043459845075758524,10.806777954101562,10.82820987701416,0.021431922912597656
binary_jaccard,8,0.13767571420525962,0.18863721601953584,10491,scaling_l2,10491,8694,10491,3884,0.9234148263931274,0.9830867052078247,0.15982520400483363,0.15982931495743666,0.00043459845075758524,0.0945240780711174,0.09725446999073029,0.0027303919196128845
binary_jaccard,8,0.13767571420525962,0.18863721601953584,10491,offset_l2,10491,8694,10491,3884,0.9234148263931274,0.9830867052078247,0.15982520400483363,0.15982931495743666,0.00043459845075758524,7.165562152862549,7.229343891143799,0.06378173828125
binary_jaccard,9,0.18863721601953584,3.694962197809628,10493,feature_cosine,10493,8955,10493,3533,0.8836037516593933,0.9668452739715576,0.3094639996728937,0.3094536965943377,0.0004372007620778095,0.2749563157558441,0.2688339948654175,-0.006122320890426636
binary_jaccard,9,0.18863721601953584,3.694962197809628,10493,feature_l2,10493,8955,10493,3533,0.8836037516593933,0.9668452739715576,0.3094639996728937,0.3094536965943377,0.0004372007620778095,11.313143730163574,11.352909088134766,0.039765357971191406
binary_jaccard,9,0.18863721601953584,3.694962197809628,10493,scaling_l2,10493,8955,10493,3533,0.8836037516593933,0.9668452739715576,0.3094639996728937,0.3094536965943377,0.0004372007620778095,0.1878533810377121,0.19265641272068024,0.00480303168296814
binary_jaccard,9,0.18863721601953584,3.694962197809628,10493,offset_l2,10493,8955,10493,3533,0.8836037516593933,0.9668452739715576,0.3094639996728937,0.3094536965943377,0.0004372007620778095,7.428606986999512,7.47324800491333,0.04464101791381836
geometric_distance,0,0.017378117247498222,0.054990938760329254,3717,feature_cosine,3717,3054,3717,1662,0.9941824078559875,0.9980514645576477,0.044744406530117985,0.04471372068812332,0.0004090970455119966,0.22114598751068115,0.23669186234474182,0.015545874834060669
geometric_distance,0,0.017378117247498222,0.054990938760329254,3717,feature_l2,3717,3054,3717,1662,0.9941824078559875,0.9980514645576477,0.044744406530117985,0.04471372068812332,0.0004090970455119966,11.318840980529785,11.332698822021484,0.013857841491699219
geometric_distance,0,0.017378117247498222,0.054990938760329254,3717,scaling_l2,3717,3054,3717,1662,0.9941824078559875,0.9980514645576477,0.044744406530117985,0.04471372068812332,0.0004090970455119966,0.03080596588551998,0.029347212985157967,-0.0014587529003620148
geometric_distance,0,0.017378117247498222,0.054990938760329254,3717,offset_l2,3717,3054,3717,1662,0.9941824078559875,0.9980514645576477,0.044744406530117985,0.04471372068812332,0.0004090970455119966,6.7930707931518555,6.7643723487854,-0.028698444366455078
geometric_distance,1,0.054990938760329254,0.06681605822202571,3716,feature_cosine,3716,3161,3716,2285,0.9927828907966614,0.9977901577949524,0.06124388714020041,0.06123587251694106,0.0004069269176770247,0.2740374803543091,0.2875199317932129,0.013482451438903809
geometric_distance,1,0.054990938760329254,0.06681605822202571,3716,feature_l2,3716,3161,3716,2285,0.9927828907966614,0.9977901577949524,0.06124388714020041,0.06123587251694106,0.0004069269176770247,10.889602661132812,10.771707534790039,-0.11789512634277344
geometric_distance,1,0.054990938760329254,0.06681605822202571,3716,scaling_l2,3716,3161,3716,2285,0.9927828907966614,0.9977901577949524,0.06124388714020041,0.06123587251694106,0.0004069269176770247,0.034996625036001205,0.03281211107969284,-0.002184513956308365
geometric_distance,1,0.054990938760329254,0.06681605822202571,3716,offset_l2,3716,3161,3716,2285,0.9927828907966614,0.9977901577949524,0.06124388714020041,0.06123587251694106,0.0004069269176770247,6.668467998504639,6.652067184448242,-0.016400814056396484
geometric_distance,2,0.06681605822202571,0.07638060322889287,3717,feature_cosine,3717,3215,3717,2380,0.9918994307518005,0.9976209998130798,0.07161710449714938,0.0715928709759718,0.000417762714213967,0.2770423889160156,0.29779139161109924,0.020749002695083618
geometric_distance,2,0.06681605822202571,0.07638060322889287,3717,feature_l2,3717,3215,3717,2380,0.9918994307518005,0.9976209998130798,0.07161710449714938,0.0715928709759718,0.000417762714213967,10.847884178161621,10.753976821899414,-0.09390735626220703
geometric_distance,2,0.06681605822202571,0.07638060322889287,3717,scaling_l2,3717,3215,3717,2380,0.9918994307518005,0.9976209998130798,0.07161710449714938,0.0715928709759718,0.000417762714213967,0.038043662905693054,0.03613371402025223,-0.0019099488854408264
geometric_distance,2,0.06681605822202571,0.07638060322889287,3717,offset_l2,3717,3215,3717,2380,0.9918994307518005,0.9976209998130798,0.07161710449714938,0.0715928709759718,0.000417762714213967,6.653099060058594,6.586535453796387,-0.06656360626220703
geometric_distance,3,0.07638060322889287,0.08616263111454077,3716,feature_cosine,3716,3274,3716,2471,0.9910451173782349,0.9973893761634827,0.08130183732107545,0.08128251463702486,0.0004083304352650621,0.29241088032722473,0.2971765697002411,0.004765689373016357
geometric_distance,3,0.07638060322889287,0.08616263111454077,3716,feature_l2,3716,3274,3716,2471,0.9910451173782349,0.9973893761634827,0.08130183732107545,0.08128251463702486,0.0004083304352650621,10.65880012512207,10.663091659545898,0.004291534423828125
geometric_distance,3,0.07638060322889287,0.08616263111454077,3716,scaling_l2,3716,3274,3716,2471,0.9910451173782349,0.9973893761634827,0.08130183732107545,0.08128251463702486,0.0004083304352650621,0.04068182408809662,0.03969677537679672,-0.0009850487112998962
geometric_distance,3,0.07638060322889287,0.08616263111454077,3716,offset_l2,3716,3274,3716,2471,0.9910451173782349,0.9973893761634827,0.08130183732107545,0.08128251463702486,0.0004083304352650621,6.783242702484131,6.717813968658447,-0.0654287338256836
geometric_distance,4,0.08616263111454077,0.09835137054625259,3716,feature_cosine,3716,3261,3716,2431,0.9901496767997742,0.9972286224365234,0.09193439599779711,0.09193234867012955,0.0004193277056616971,0.2724588215351105,0.28475117683410645,0.012292355298995972
geometric_distance,4,0.08616263111454077,0.09835137054625259,3716,feature_l2,3716,3261,3716,2431,0.9901496767997742,0.9972286224365234,0.09193439599779711,0.09193234867012955,0.0004193277056616971,10.8569917678833,10.709718704223633,-0.14727306365966797
geometric_distance,4,0.08616263111454077,0.09835137054625259,3716,scaling_l2,3716,3261,3716,2431,0.9901496767997742,0.9972286224365234,0.09193439599779711,0.09193234867012955,0.0004193277056616971,0.04674685746431351,0.04814409092068672,0.0013972334563732147
geometric_distance,4,0.08616263111454077,0.09835137054625259,3716,offset_l2,3716,3261,3716,2431,0.9901496767997742,0.9972286224365234,0.09193439599779711,0.09193234867012955,0.0004193277056616971,6.904852390289307,6.905830383300781,0.0009779930114746094
geometric_distance,5,0.09835137054625259,0.1146821916188502,3717,feature_cosine,3717,3279,3717,2349,0.9891584515571594,0.9970399737358093,0.10597245922167384,0.10596272874681247,0.0004111996883416372,0.2850135564804077,0.3010018765926361,0.015988320112228394
geometric_distance,5,0.09835137054625259,0.1146821916188502,3717,feature_l2,3717,3279,3717,2349,0.9891584515571594,0.9970399737358093,0.10597245922167384,0.10596272874681247,0.0004111996883416372,10.70767593383789,10.524557113647461,-0.1831188201904297
geometric_distance,5,0.09835137054625259,0.1146821916188502,3717,scaling_l2,3717,3279,3717,2349,0.9891584515571594,0.9970399737358093,0.10597245922167384,0.10596272874681247,0.0004111996883416372,0.05772935226559639,0.05435451492667198,-0.003374837338924408
geometric_distance,5,0.09835137054625259,0.1146821916188502,3717,offset_l2,3717,3279,3717,2349,0.9891584515571594,0.9970399737358093,0.10597245922167384,0.10596272874681247,0.0004111996883416372,7.056513786315918,7.0849080085754395,0.028394222259521484
geometric_distance,6,0.1146821916188502,0.13763724762009721,3716,feature_cosine,3716,3292,3716,2245,0.988007664680481,0.9968953728675842,0.12569142085274587,0.12567254527794816,0.00042708000496905504,0.2883193790912628,0.29315805435180664,0.004838675260543823
geometric_distance,6,0.1146821916188502,0.13763724762009721,3716,feature_l2,3716,3292,3716,2245,0.988007664680481,0.9968953728675842,0.12569142085274587,0.12567254527794816,0.00042708000496905504,10.560712814331055,10.4839506149292,-0.07676219940185547
geometric_distance,6,0.1146821916188502,0.13763724762009721,3716,scaling_l2,3716,3292,3716,2245,0.988007664680481,0.9968953728675842,0.12569142085274587,0.12567254527794816,0.00042708000496905504,0.07390033453702927,0.07326195389032364,-0.0006383806467056274
geometric_distance,6,0.1146821916188502,0.13763724762009721,3716,offset_l2,3716,3292,3716,2245,0.988007664680481,0.9968953728675842,0.12569142085274587,0.12567254527794816,0.00042708000496905504,7.010552883148193,6.987884521484375,-0.02266836166381836
geometric_distance,7,0.13763724762009721,0.16989760440678514,3717,feature_cosine,3717,3304,3717,2211,0.9865250587463379,0.9967321753501892,0.15254767653722157,0.15256117380953346,0.00044208399584217995,0.28185638785362244,0.2794707119464874,-0.0023856759071350098
geometric_distance,7,0.13763724762009721,0.16989760440678514,3717,feature_l2,3717,3304,3717,2211,0.9865250587463379,0.9967321753501892,0.15254767653722157,0.15256117380953346,0.00044208399584217995,10.597827911376953,10.60720443725586,0.00937652587890625
geometric_distance,7,0.13763724762009721,0.16989760440678514,3717,scaling_l2,3717,3304,3717,2211,0.9865250587463379,0.9967321753501892,0.15254767653722157,0.15256117380953346,0.00044208399584217995,0.09146547317504883,0.08880753070116043,-0.002657942473888397
geometric_distance,7,0.13763724762009721,0.16989760440678514,3717,offset_l2,3717,3304,3717,2211,0.9865250587463379,0.9967321753501892,0.15254767653722157,0.15256117380953346,0.00044208399584217995,7.208297252655029,7.18734884262085,-0.020948410034179688
geometric_distance,8,0.16989760440678514,0.2272901832800447,3716,feature_cosine,3716,3306,3716,2024,0.9839575290679932,0.9960030317306519,0.19463906594169134,0.1946342062630514,0.00044176121460636554,0.280748575925827,0.29264235496520996,0.011893779039382935
geometric_distance,8,0.16989760440678514,0.2272901832800447,3716,feature_l2,3716,3306,3716,2024,0.9839575290679932,0.9960030317306519,0.19463906594169134,0.1946342062630514,0.00044176121460636554,10.836607933044434,10.643399238586426,-0.1932086944580078
geometric_distance,8,0.16989760440678514,0.2272901832800447,3716,scaling_l2,3716,3306,3716,2024,0.9839575290679932,0.9960030317306519,0.19463906594169134,0.1946342062630514,0.00044176121460636554,0.12514233589172363,0.12395839393138885,-0.0011839419603347778
geometric_distance,8,0.16989760440678514,0.2272901832800447,3716,offset_l2,3716,3306,3716,2024,0.9839575290679932,0.9960030317306519,0.19463906594169134,0.1946342062630514,0.00044176121460636554,7.5913777351379395,7.605274677276611,0.013896942138671875
geometric_distance,9,0.2272901832800447,29.996089047052983,3717,feature_cosine,3717,3348,3717,1936,0.9726883172988892,0.9923080801963806,0.38313980495163663,0.38313354022106627,0.0004389261567703988,0.26806026697158813,0.28250932693481445,0.014449059963226318
geometric_distance,9,0.2272901832800447,29.996089047052983,3717,feature_l2,3717,3348,3717,1936,0.9726883172988892,0.9923080801963806,0.38313980495163663,0.38313354022106627,0.0004389261567703988,11.320174217224121,11.255885124206543,-0.06428909301757812
geometric_distance,9,0.2272901832800447,29.996089047052983,3717,scaling_l2,3717,3348,3717,1936,0.9726883172988892,0.9923080801963806,0.38313980495163663,0.38313354022106627,0.0004389261567703988,0.24420756101608276,0.23984672129154205,-0.0043608397245407104
geometric_distance,9,0.2272901832800447,29.996089047052983,3717,offset_l2,3717,3348,3717,1936,0.9726883172988892,0.9923080801963806,0.38313980495163663,0.38313354022106627,0.0004389261567703988,7.69822883605957,7.656216144561768,-0.042012691497802734
geometric_direction,0,0.03108053927786675,0.07824640130043398,611,feature_cosine,611,554,611,411,0.9999729990959167,0.9999898076057434,0.06036536584076906,0.060312552462079665,0.00040897764419104256,0.185966357588768,0.20230883359909058,0.01634247601032257
geometric_direction,0,0.03108053927786675,0.07824640130043398,611,feature_l2,611,554,611,411,0.9999729990959167,0.9999898076057434,0.06036536584076906,0.060312552462079665,0.00040897764419104256,11.821041107177734,11.611642837524414,-0.2093982696533203
geometric_direction,0,0.03108053927786675,0.07824640130043398,611,scaling_l2,611,554,611,411,0.9999729990959167,0.9999898076057434,0.06036536584076906,0.060312552462079665,0.00040897764419104256,0.03404950723052025,0.03532489016652107,0.001275382936000824
geometric_direction,0,0.03108053927786675,0.07824640130043398,611,offset_l2,611,554,611,411,0.9999729990959167,0.9999898076057434,0.06036536584076906,0.060312552462079665,0.00040897764419104256,6.641887187957764,6.539613723754883,-0.10227346420288086
geometric_direction,1,0.07824640130043398,0.10225458745765043,610,feature_cosine,610,542,610,401,0.9999549984931946,0.9999852180480957,0.0906651225692028,0.0906575803441304,0.00041886765885073364,0.25088462233543396,0.25158074498176575,0.0006961226463317871
geometric_direction,1,0.07824640130043398,0.10225458745765043,610,feature_l2,610,542,610,401,0.9999549984931946,0.9999852180480957,0.0906651225692028,0.0906575803441304,0.00041886765885073364,11.039904594421387,11.123360633850098,0.08345603942871094
geometric_direction,1,0.07824640130043398,0.10225458745765043,610,scaling_l2,610,542,610,401,0.9999549984931946,0.9999852180480957,0.0906651225692028,0.0906575803441304,0.00041886765885073364,0.053340692073106766,0.05742665380239487,0.004085961729288101
geometric_direction,1,0.07824640130043398,0.10225458745765043,610,offset_l2,610,542,610,401,0.9999549984931946,0.9999852180480957,0.0906651225692028,0.0906575803441304,0.00041886765885073364,7.015953063964844,6.95104455947876,-0.06490850448608398
geometric_direction,2,0.10225458745765043,0.12521572394666572,611,feature_cosine,611,566,611,442,0.9999446868896484,0.9999840259552002,0.11421946993738337,0.11416168908460379,0.0003925947681416726,0.2673109173774719,0.2623186707496643,-0.004992246627807617
geometric_direction,2,0.10225458745765043,0.12521572394666572,611,feature_l2,611,566,611,442,0.9999446868896484,0.9999840259552002,0.11421946993738337,0.11416168908460379,0.0003925947681416726,10.907476425170898,10.991963386535645,0.0844869613647461
geometric_direction,2,0.10225458745765043,0.12521572394666572,611,scaling_l2,611,566,611,442,0.9999446868896484,0.9999840259552002,0.11421946993738337,0.11416168908460379,0.0003925947681416726,0.06047145649790764,0.07241856306791306,0.011947106570005417
geometric_direction,2,0.10225458745765043,0.12521572394666572,611,offset_l2,611,566,611,442,0.9999446868896484,0.9999840259552002,0.11421946993738337,0.11416168908460379,0.0003925947681416726,6.96505069732666,7.123173236846924,0.15812253952026367
geometric_direction,3,0.12521572394666572,0.14478281957780242,610,feature_cosine,610,560,610,433,0.9999341368675232,0.9999825954437256,0.13521678460355707,0.1351781203287783,0.0004289028710895202,0.252352774143219,0.28098124265670776,0.02862846851348877
geometric_direction,3,0.12521572394666572,0.14478281957780242,610,feature_l2,610,560,610,433,0.9999341368675232,0.9999825954437256,0.13521678460355707,0.1351781203287783,0.0004289028710895202,11.109106063842773,10.855735778808594,-0.2533702850341797
geometric_direction,3,0.12521572394666572,0.14478281957780242,610,scaling_l2,610,560,610,433,0.9999341368675232,0.9999825954437256,0.13521678460355707,0.1351781203287783,0.0004289028710895202,0.08155901730060577,0.08558221161365509,0.004023194313049316
geometric_direction,3,0.12521572394666572,0.14478281957780242,610,offset_l2,610,560,610,433,0.9999341368675232,0.9999825954437256,0.13521678460355707,0.1351781203287783,0.0004289028710895202,6.95568323135376,7.023304462432861,0.06762123107910156
geometric_direction,4,0.14478281957780242,0.1657860575434703,611,feature_cosine,611,565,611,437,0.9999182820320129,0.9999770522117615,0.1548375288795074,0.15479588402341088,0.0004309241578706513,0.26966091990470886,0.28529787063598633,0.015636950731277466
geometric_direction,4,0.14478281957780242,0.1657860575434703,611,feature_l2,611,565,611,437,0.9999182820320129,0.9999770522117615,0.1548375288795074,0.15479588402341088,0.0004309241578706513,10.669105529785156,10.692042350769043,0.02293682098388672
geometric_direction,4,0.14478281957780242,0.1657860575434703,611,scaling_l2,611,565,611,437,0.9999182820320129,0.9999770522117615,0.1548375288795074,0.15479588402341088,0.0004309241578706513,0.09367048740386963,0.09608076512813568,0.0024102777242660522
geometric_direction,4,0.14478281957780242,0.1657860575434703,611,offset_l2,611,565,611,437,0.9999182820320129,0.9999770522117615,0.1548375288795074,0.15479588402341088,0.0004309241578706513,6.922135353088379,7.246963024139404,0.3248276710510254
geometric_direction,5,0.1657860575434703,0.19035758397821567,610,feature_cosine,610,564,610,434,0.9999064207077026,0.999976396560669,0.1779812592056973,0.17796739085162497,0.00043093496523752137,0.23396536707878113,0.2547991871833801,0.020833820104599
geometric_direction,5,0.1657860575434703,0.19035758397821567,610,feature_l2,610,564,610,434,0.9999064207077026,0.999976396560669,0.1779812592056973,0.17796739085162497,0.00043093496523752137,11.063529014587402,11.09424114227295,0.030712127685546875
geometric_direction,5,0.1657860575434703,0.19035758397821567,610,scaling_l2,610,564,610,434,0.9999064207077026,0.999976396560669,0.1779812592056973,0.17796739085162497,0.00043093496523752137,0.11680082976818085,0.12181568890810013,0.005014859139919281
geometric_direction,5,0.1657860575434703,0.19035758397821567,610,offset_l2,610,564,610,434,0.9999064207077026,0.999976396560669,0.1779812592056973,0.17796739085162497,0.00043093496523752137,7.382115364074707,7.425816535949707,0.043701171875
geometric_direction,6,0.19035758397821567,0.21956319102481997,611,feature_cosine,611,553,611,402,0.9998845458030701,0.9999694228172302,0.20438903285948304,0.20437336554983387,0.0004368735615347329,0.26519954204559326,0.30040833353996277,0.03520879149436951
geometric_direction,6,0.19035758397821567,0.21956319102481997,611,feature_l2,611,553,611,402,0.9998845458030701,0.9999694228172302,0.20438903285948304,0.20437336554983387,0.0004368735615347329,11.25627613067627,11.09471607208252,-0.16156005859375
geometric_direction,6,0.19035758397821567,0.21956319102481997,611,scaling_l2,611,553,611,402,0.9998845458030701,0.9999694228172302,0.20438903285948304,0.20437336554983387,0.0004368735615347329,0.12480022758245468,0.13408908247947693,0.009288854897022247
geometric_direction,6,0.19035758397821567,0.21956319102481997,611,offset_l2,611,553,611,402,0.9998845458030701,0.9999694228172302,0.20438903285948304,0.20437336554983387,0.0004368735615347329,7.395236015319824,7.33928918838501,-0.05594682693481445
geometric_direction,7,0.21956319102481997,0.2677479023715912,610,feature_cosine,610,562,610,402,0.9998517036437988,0.9999635815620422,0.2413445756857291,0.24136756954732994,0.00042105625094964193,0.296026349067688,0.3127868175506592,0.01676046848297119
geometric_direction,7,0.21956319102481997,0.2677479023715912,610,feature_l2,610,562,610,402,0.9998517036437988,0.9999635815620422,0.2413445756857291,0.24136756954732994,0.00042105625094964193,11.256695747375488,10.977533340454102,-0.2791624069213867
geometric_direction,7,0.21956319102481997,0.2677479023715912,610,scaling_l2,610,562,610,402,0.9998517036437988,0.9999635815620422,0.2413445756857291,0.24136756954732994,0.00042105625094964193,0.15164339542388916,0.14347775280475616,-0.008165642619132996
geometric_direction,7,0.21956319102481997,0.2677479023715912,610,offset_l2,610,562,610,402,0.9998517036437988,0.9999635815620422,0.2413445756857291,0.24136756954732994,0.00042105625094964193,7.671392917633057,7.652170658111572,-0.019222259521484375
geometric_direction,8,0.2677479023715912,0.3725291001304961,611,feature_cosine,611,563,611,375,0.9997779130935669,0.9999440312385559,0.3118523302711389,0.3118416011025927,0.0004369080519575708,0.2659096419811249,0.2858770191669464,0.019967377185821533
geometric_direction,8,0.2677479023715912,0.3725291001304961,611,feature_l2,611,563,611,375,0.9997779130935669,0.9999440312385559,0.3118523302711389,0.3118416011025927,0.0004369080519575708,11.455979347229004,11.189640045166016,-0.2663393020629883
geometric_direction,8,0.2677479023715912,0.3725291001304961,611,scaling_l2,611,563,611,375,0.9997779130935669,0.9999440312385559,0.3118523302711389,0.3118416011025927,0.0004369080519575708,0.18011699616909027,0.18714779615402222,0.007030799984931946
geometric_direction,8,0.2677479023715912,0.3725291001304961,611,offset_l2,611,563,611,375,0.9997779130935669,0.9999440312385559,0.3118523302711389,0.3118416011025927,0.0004369080519575708,7.597773551940918,7.463321208953857,-0.13445234298706055
geometric_direction,9,0.3725291001304961,29.995181381766454,611,feature_cosine,611,541,611,321,0.9986575245857239,0.9993305206298828,0.7281662790122438,0.7281628723014718,0.00045947930454915727,0.22561660408973694,0.23038986325263977,0.004773259162902832
geometric_direction,9,0.3725291001304961,29.995181381766454,611,feature_l2,611,541,611,321,0.9986575245857239,0.9993305206298828,0.7281662790122438,0.7281628723014718,0.00045947930454915727,12.165884017944336,12.062627792358398,-0.1032562255859375
geometric_direction,9,0.3725291001304961,29.995181381766454,611,scaling_l2,611,541,611,321,0.9986575245857239,0.9993305206298828,0.7281662790122438,0.7281628723014718,0.00045947930454915727,0.6109685897827148,0.6285004019737244,0.01753181219100952
geometric_direction,9,0.3725291001304961,29.995181381766454,611,offset_l2,611,541,611,321,0.9986575245857239,0.9993305206298828,0.7281662790122438,0.7281628723014718,0.00045947930454915727,7.731623649597168,7.79949951171875,0.06787586212158203
geometric_image,0,0.025768152523682693,0.06857920157821651,823,feature_cosine,823,684,823,498,0.9862730503082275,0.9955289363861084,0.05408595802826762,0.05401384496352469,0.00041800470887049044,0.22343674302101135,0.22897443175315857,0.005537688732147217
geometric_image,0,0.025768152523682693,0.06857920157821651,823,feature_l2,823,684,823,498,0.9862730503082275,0.9955289363861084,0.05408595802826762,0.05401384496352469,0.00041800470887049044,11.627472877502441,11.410788536071777,-0.21668434143066406
geometric_image,0,0.025768152523682693,0.06857920157821651,823,scaling_l2,823,684,823,498,0.9862730503082275,0.9955289363861084,0.05408595802826762,0.05401384496352469,0.00041800470887049044,0.030922602862119675,0.03130852431058884,0.000385921448469162
geometric_image,0,0.025768152523682693,0.06857920157821651,823,offset_l2,823,684,823,498,0.9862730503082275,0.9955289363861084,0.05408595802826762,0.05401384496352469,0.00041800470887049044,6.578975677490234,6.538662433624268,-0.0403132438659668
geometric_image,1,0.06857920157821651,0.08883913421112284,823,feature_cosine,823,746,823,569,0.9782087206840515,0.993938148021698,0.07881429989658198,0.0787700145380199,0.0004075997377207947,0.26875436305999756,0.26452845335006714,-0.00422590970993042
geometric_image,1,0.06857920157821651,0.08883913421112284,823,feature_l2,823,746,823,569,0.9782087206840515,0.993938148021698,0.07881429989658198,0.0787700145380199,0.0004075997377207947,11.137227058410645,11.08732795715332,-0.04989910125732422
geometric_image,1,0.06857920157821651,0.08883913421112284,823,scaling_l2,823,746,823,569,0.9782087206840515,0.993938148021698,0.07881429989658198,0.0787700145380199,0.0004075997377207947,0.04320823773741722,0.04631445184350014,0.0031062141060829163
geometric_image,1,0.06857920157821651,0.08883913421112284,823,offset_l2,823,746,823,569,0.9782087206840515,0.993938148021698,0.07881429989658198,0.0787700145380199,0.0004075997377207947,6.764770030975342,6.80426025390625,0.0394902229309082
geometric_image,2,0.08883913421112284,0.10728054493019472,823,feature_cosine,823,727,823,544,0.9708442091941833,0.9924604296684265,0.09800688689565192,0.0980128368088417,0.00043059739208795245,0.28691357374191284,0.2944508194923401,0.007537245750427246
geometric_image,2,0.08883913421112284,0.10728054493019472,823,feature_l2,823,727,823,544,0.9708442091941833,0.9924604296684265,0.09800688689565192,0.0980128368088417,0.00043059739208795245,10.929696083068848,10.831160545349121,-0.09853553771972656
geometric_image,2,0.08883913421112284,0.10728054493019472,823,scaling_l2,823,727,823,544,0.9708442091941833,0.9924604296684265,0.09800688689565192,0.0980128368088417,0.00043059739208795245,0.05806506425142288,0.06067093461751938,0.0026058703660964966
geometric_image,2,0.08883913421112284,0.10728054493019472,823,offset_l2,823,727,823,544,0.9708442091941833,0.9924604296684265,0.09800688689565192,0.0980128368088417,0.00043059739208795245,6.929289817810059,6.925431728363037,-0.0038580894470214844
geometric_image,3,0.10728054493019472,0.12743713246859767,822,feature_cosine,822,765,822,598,0.9664403200149536,0.9920556545257568,0.11727885460395157,0.11727645947366393,0.000407883661377777,0.2809843122959137,0.27555614709854126,-0.0054281651973724365
geometric_image,3,0.10728054493019472,0.12743713246859767,822,feature_l2,822,765,822,598,0.9664403200149536,0.9920556545257568,0.11727885460395157,0.11727645947366393,0.000407883661377777,10.784770965576172,10.820849418640137,0.036078453063964844
geometric_image,3,0.10728054493019472,0.12743713246859767,822,scaling_l2,822,765,822,598,0.9664403200149536,0.9920556545257568,0.11727885460395157,0.11727645947366393,0.000407883661377777,0.06618528813123703,0.07305591553449631,0.006870627403259277
geometric_image,3,0.10728054493019472,0.12743713246859767,822,offset_l2,822,765,822,598,0.9664403200149536,0.9920556545257568,0.11727885460395157,0.11727645947366393,0.000407883661377777,7.0475592613220215,7.213128089904785,0.16556882858276367
geometric_image,4,0.12743713246859767,0.14675837264962438,823,feature_cosine,823,744,823,578,0.9606207609176636,0.9908963441848755,0.13702834115613827,0.1369728263546989,0.0004280859224962423,0.278788298368454,0.2906644642353058,0.011876165866851807
geometric_image,4,0.12743713246859767,0.14675837264962438,823,feature_l2,823,744,823,578,0.9606207609176636,0.9908963441848755,0.13702834115613827,0.1369728263546989,0.0004280859224962423,10.830358505249023,10.767529487609863,-0.06282901763916016
geometric_image,4,0.12743713246859767,0.14675837264962438,823,scaling_l2,823,744,823,578,0.9606207609176636,0.9908963441848755,0.13702834115613827,0.1369728263546989,0.0004280859224962423,0.08522257208824158,0.0890326052904129,0.0038100332021713257
geometric_image,4,0.12743713246859767,0.14675837264962438,823,offset_l2,823,744,823,578,0.9606207609176636,0.9908963441848755,0.13702834115613827,0.1369728263546989,0.0004280859224962423,6.971086502075195,6.975448131561279,0.004361629486083984
geometric_image,5,0.14675837264962438,0.1700826333891583,823,feature_cosine,823,764,823,568,0.9514003396034241,0.9879648685455322,0.15783724008785927,0.1577826852686059,0.0004429730474569062,0.27724701166152954,0.2628481090068817,-0.014398902654647827
geometric_image,5,0.14675837264962438,0.1700826333891583,823,feature_l2,823,764,823,568,0.9514003396034241,0.9879648685455322,0.15783724008785927,0.1577826852686059,0.0004429730474569062,10.660874366760254,10.718765258789062,0.057890892028808594
geometric_image,5,0.14675837264962438,0.1700826333891583,823,scaling_l2,823,764,823,568,0.9514003396034241,0.9879648685455322,0.15783724008785927,0.1577826852686059,0.0004429730474569062,0.10130870342254639,0.10884161293506622,0.007532909512519836
geometric_image,5,0.14675837264962438,0.1700826333891583,823,offset_l2,823,764,823,568,0.9514003396034241,0.9879648685455322,0.15783724008785927,0.1577826852686059,0.0004429730474569062,7.072671890258789,7.363891124725342,0.29121923446655273
geometric_image,6,0.1700826333891583,0.19768920567972229,822,feature_cosine,822,748,822,560,0.942714273929596,0.9859212040901184,0.18356058908332487,0.18356820834407397,0.00043362595530969293,0.26642975211143494,0.27009034156799316,0.0036605894565582275
geometric_image,6,0.1700826333891583,0.19768920567972229,822,feature_l2,822,748,822,560,0.942714273929596,0.9859212040901184,0.18356058908332487,0.18356820834407397,0.00043362595530969293,10.92210865020752,10.894363403320312,-0.02774524688720703
geometric_image,6,0.1700826333891583,0.19768920567972229,822,scaling_l2,822,748,822,560,0.942714273929596,0.9859212040901184,0.18356058908332487,0.18356820834407397,0.00043362595530969293,0.12455040216445923,0.12687820196151733,0.0023277997970581055
geometric_image,6,0.1700826333891583,0.19768920567972229,822,offset_l2,822,748,822,560,0.942714273929596,0.9859212040901184,0.18356058908332487,0.18356820834407397,0.00043362595530969293,7.512385368347168,7.359683990478516,-0.15270137786865234
geometric_image,7,0.19768920567972229,0.23999989191692042,823,feature_cosine,823,756,823,529,0.9319694638252258,0.9831295013427734,0.2170705251448115,0.2170687703154252,0.0004332019815861589,0.2693554162979126,0.30571046471595764,0.036355048418045044
geometric_image,7,0.19768920567972229,0.23999989191692042,823,feature_l2,823,756,823,529,0.9319694638252258,0.9831295013427734,0.2170705251448115,0.2170687703154252,0.0004332019815861589,11.204667091369629,10.828801155090332,-0.3758659362792969
geometric_image,7,0.19768920567972229,0.23999989191692042,823,scaling_l2,823,756,823,529,0.9319694638252258,0.9831295013427734,0.2170705251448115,0.2170687703154252,0.0004332019815861589,0.1494821459054947,0.14528615772724152,-0.004195988178253174
geometric_image,7,0.19768920567972229,0.23999989191692042,823,offset_l2,823,756,823,529,0.9319694638252258,0.9831295013427734,0.2170705251448115,0.2170687703154252,0.0004332019815861589,7.647453784942627,7.5464863777160645,-0.1009674072265625
geometric_image,8,0.23999989191692042,0.3310156209749224,823,feature_cosine,823,741,823,498,0.9031080603599548,0.9762569665908813,0.27534952705418947,0.2753616819606028,0.0004405982063314218,0.2800595760345459,0.27958905696868896,-0.0004705190658569336
geometric_image,8,0.23999989191692042,0.3310156209749224,823,feature_l2,823,741,823,498,0.9031080603599548,0.9762569665908813,0.27534952705418947,0.2753616819606028,0.0004405982063314218,11.125110626220703,11.06535530090332,-0.05975532531738281
geometric_image,8,0.23999989191692042,0.3310156209749224,823,scaling_l2,823,741,823,498,0.9031080603599548,0.9762569665908813,0.27534952705418947,0.2753616819606028,0.0004405982063314218,0.181171253323555,0.17799614369869232,-0.003175109624862671
geometric_image,8,0.23999989191692042,0.3310156209749224,823,offset_l2,823,741,823,498,0.9031080603599548,0.9762569665908813,0.27534952705418947,0.2753616819606028,0.0004405982063314218,7.650251388549805,7.554069995880127,-0.09618139266967773
geometric_image,9,0.3310156209749224,29.995181381766454,823,feature_cosine,823,731,823,417,0.7107242941856384,0.860464334487915,0.6397392827476357,0.6397558839820674,0.0004572835897083897,0.2164652943611145,0.24725541472434998,0.030790120363235474
geometric_image,9,0.3310156209749224,29.995181381766454,823,feature_l2,823,731,823,417,0.7107242941856384,0.860464334487915,0.6397392827476357,0.6397558839820674,0.0004572835897083897,12.024474143981934,11.753877639770508,-0.2705965042114258
geometric_image,9,0.3310156209749224,29.995181381766454,823,scaling_l2,823,731,823,417,0.7107242941856384,0.860464334487915,0.6397392827476357,0.6397558839820674,0.0004572835897083897,0.4759250283241272,0.5079770684242249,0.032052040100097656
geometric_image,9,0.3310156209749224,29.995181381766454,823,offset_l2,823,731,823,417,0.7107242941856384,0.860464334487915,0.6397392827476357,0.6397558839820674,0.0004572835897083897,7.73768424987793,7.693658351898193,-0.04402589797973633
geometric_depth,0,0.01658311712264024,0.052153664590611555,3151,feature_cosine,3151,2489,3151,1387,0.9939001798629761,0.9977446794509888,0.04226042499005326,0.042207875169921256,0.0004144921640462828,0.2244834154844284,0.2319088727235794,0.007425457239151001
geometric_depth,0,0.01658311712264024,0.052153664590611555,3151,feature_l2,3151,2489,3151,1387,0.9939001798629761,0.9977446794509888,0.04226042499005326,0.042207875169921256,0.0004144921640462828,11.373834609985352,11.379705429077148,0.005870819091796875
geometric_depth,0,0.01658311712264024,0.052153664590611555,3151,scaling_l2,3151,2489,3151,1387,0.9939001798629761,0.9977446794509888,0.04226042499005326,0.042207875169921256,0.0004144921640462828,0.03102329932153225,0.0291211549192667,-0.0019021444022655487
geometric_depth,0,0.01658311712264024,0.052153664590611555,3151,offset_l2,3151,2489,3151,1387,0.9939001798629761,0.9977446794509888,0.04226042499005326,0.042207875169921256,0.0004144921640462828,6.779189586639404,6.809439659118652,0.030250072479248047
geometric_depth,1,0.052153664590611555,0.06414821596570128,3150,feature_cosine,3150,2636,3150,1929,0.9922707676887512,0.9972579479217529,0.05844794392417518,0.058436578641449584,0.000426377654608846,0.2671983540058136,0.2882504165172577,0.021052062511444092
geometric_depth,1,0.052153664590611555,0.06414821596570128,3150,feature_l2,3150,2636,3150,1929,0.9922707676887512,0.9972579479217529,0.05844794392417518,0.058436578641449584,0.000426377654608846,10.894002914428711,10.785370826721191,-0.10863208770751953
geometric_depth,1,0.052153664590611555,0.06414821596570128,3150,scaling_l2,3150,2636,3150,1929,0.9922707676887512,0.9972579479217529,0.05844794392417518,0.058436578641449584,0.000426377654608846,0.03360648453235626,0.03215261921286583,-0.0014538653194904327
geometric_depth,1,0.052153664590611555,0.06414821596570128,3150,offset_l2,3150,2636,3150,1929,0.9922707676887512,0.9972579479217529,0.05844794392417518,0.058436578641449584,0.000426377654608846,6.684600830078125,6.620220184326172,-0.06438064575195312
geometric_depth,2,0.06414821596570128,0.07338462992670522,3150,feature_cosine,3150,2700,3150,2070,0.9912893772125244,0.9970088005065918,0.06887469959050535,0.0688572929895686,0.0004131557442108653,0.27519211173057556,0.29500848054885864,0.01981636881828308
geometric_depth,2,0.06414821596570128,0.07338462992670522,3150,feature_l2,3150,2700,3150,2070,0.9912893772125244,0.9970088005065918,0.06887469959050535,0.0688572929895686,0.0004131557442108653,10.880342483520508,10.781584739685059,-0.09875774383544922
geometric_depth,2,0.06414821596570128,0.07338462992670522,3150,scaling_l2,3150,2700,3150,2070,0.9912893772125244,0.9970088005065918,0.06887469959050535,0.0688572929895686,0.0004131557442108653,0.037167977541685104,0.03678496927022934,-0.00038300827145576477
geometric_depth,2,0.06414821596570128,0.07338462992670522,3150,offset_l2,3150,2700,3150,2070,0.9912893772125244,0.9970088005065918,0.06887469959050535,0.0688572929895686,0.0004131557442108653,6.654761791229248,6.596425533294678,-0.05833625793457031
geometric_depth,3,0.07338462992670522,0.08312043057559597,3150,feature_cosine,3150,2733,3150,2094,0.9905174374580383,0.9968007206916809,0.07836743242229738,0.07835317520770727,0.00040646586544183805,0.28770700097084045,0.2972058057785034,0.009498804807662964
geometric_depth,3,0.07338462992670522,0.08312043057559597,3150,feature_l2,3150,2733,3150,2094,0.9905174374580383,0.9968007206916809,0.07836743242229738,0.07835317520770727,0.00040646586544183805,10.772222518920898,10.71276569366455,-0.059456825256347656
geometric_depth,3,0.07338462992670522,0.08312043057559597,3150,scaling_l2,3150,2733,3150,2094,0.9905174374580383,0.9968007206916809,0.07836743242229738,0.07835317520770727,0.00040646586544183805,0.04150278866291046,0.039732445031404495,-0.0017703436315059662
geometric_depth,3,0.07338462992670522,0.08312043057559597,3150,offset_l2,3150,2733,3150,2094,0.9905174374580383,0.9968007206916809,0.07836743242229738,0.07835317520770727,0.00040646586544183805,6.726944923400879,6.632405757904053,-0.09453916549682617
geometric_depth,4,0.08312043057559597,0.09500531218890702,3149,feature_cosine,3149,2774,3149,2153,0.9895824790000916,0.9965662360191345,0.08867823234819222,0.08868237545422435,0.00041711055420826684,0.2732986509799957,0.2767574191093445,0.003458768129348755
geometric_depth,4,0.08312043057559597,0.09500531218890702,3149,feature_l2,3149,2774,3149,2153,0.9895824790000916,0.9965662360191345,0.08867823234819222,0.08868237545422435,0.00041711055420826684,10.924983978271484,10.832582473754883,-0.09240150451660156
geometric_depth,4,0.08312043057559597,0.09500531218890702,3149,scaling_l2,3149,2774,3149,2153,0.9895824790000916,0.9965662360191345,0.08867823234819222,0.08868237545422435,0.00041711055420826684,0.047265611588954926,0.04763730615377426,0.00037169456481933594
geometric_depth,4,0.08312043057559597,0.09500531218890702,3149,offset_l2,3149,2774,3149,2153,0.9895824790000916,0.9965662360191345,0.08867823234819222,0.08868237545422435,0.00041711055420826684,6.880444526672363,6.884250164031982,0.0038056373596191406
geometric_depth,5,0.09500531218890702,0.11075195714637734,3151,feature_cosine,3151,2777,3151,2005,0.9885081052780151,0.9962952136993408,0.10248922015901475,0.10247869646360333,0.0004185287145180134,0.2749013900756836,0.27577507495880127,0.0008736848831176758
geometric_depth,5,0.09500531218890702,0.11075195714637734,3151,feature_l2,3151,2777,3151,2005,0.9885081052780151,0.9962952136993408,0.10248922015901475,0.10247869646360333,0.0004185287145180134,10.750207901000977,10.683073997497559,-0.06713390350341797
geometric_depth,5,0.09500531218890702,0.11075195714637734,3151,scaling_l2,3151,2777,3151,2005,0.9885081052780151,0.9962952136993408,0.10248922015901475,0.10247869646360333,0.0004185287145180134,0.057186465710401535,0.05591198056936264,-0.0012744851410388947
geometric_depth,5,0.09500531218890702,0.11075195714637734,3151,offset_l2,3151,2777,3151,2005,0.9885081052780151,0.9962952136993408,0.10248922015901475,0.10247869646360333,0.0004185287145180134,7.058980464935303,7.037072658538818,-0.021907806396484375
geometric_depth,6,0.11075195714637734,0.13290599282836185,3150,feature_cosine,3150,2785,3150,2004,0.9875175952911377,0.9960872530937195,0.12111159677608034,0.1211134227440699,0.000417339312153073,0.28465574979782104,0.28577008843421936,0.0011143386363983154
geometric_depth,6,0.11075195714637734,0.13290599282836185,3150,feature_l2,3150,2785,3150,2004,0.9875175952911377,0.9960872530937195,0.12111159677608034,0.1211134227440699,0.000417339312153073,10.556087493896484,10.569341659545898,0.013254165649414062
geometric_depth,6,0.11075195714637734,0.13290599282836185,3150,scaling_l2,3150,2785,3150,2004,0.9875175952911377,0.9960872530937195,0.12111159677608034,0.1211134227440699,0.000417339312153073,0.07182296365499496,0.07079119235277176,-0.0010317713022232056
geometric_depth,6,0.11075195714637734,0.13290599282836185,3150,offset_l2,3150,2785,3150,2004,0.9875175952911377,0.9960872530937195,0.12111159677608034,0.1211134227440699,0.000417339312153073,7.050380706787109,7.006857872009277,-0.04352283477783203
geometric_depth,7,0.13290599282836185,0.16395120597324395,3150,feature_cosine,3150,2802,3150,1902,0.9861658215522766,0.9956855177879333,0.14685083819966877,0.146867154394468,0.000443309161747581,0.28225454688072205,0.2742200195789337,-0.00803452730178833
geometric_depth,7,0.13290599282836185,0.16395120597324395,3150,feature_l2,3150,2802,3150,1902,0.9861658215522766,0.9956855177879333,0.14685083819966877,0.146867154394468,0.000443309161747581,10.512227058410645,10.598544120788574,0.08631706237792969
geometric_depth,7,0.13290599282836185,0.16395120597324395,3150,scaling_l2,3150,2802,3150,1902,0.9861658215522766,0.9956855177879333,0.14685083819966877,0.146867154394468,0.000443309161747581,0.09010182321071625,0.09032849222421646,0.00022666901350021362
geometric_depth,7,0.13290599282836185,0.16395120597324395,3150,offset_l2,3150,2802,3150,1902,0.9861658215522766,0.9956855177879333,0.14685083819966877,0.146867154394468,0.000443309161747581,7.103302478790283,7.1201090812683105,0.016806602478027344
geometric_depth,8,0.16395120597324395,0.22107032394383766,3150,feature_cosine,3150,2837,3150,1743,0.983427107334137,0.9947825074195862,0.18894298206944926,0.1889397589116347,0.000440014849879441,0.27801352739334106,0.27914682030677795,0.0011332929134368896
geometric_depth,8,0.16395120597324395,0.22107032394383766,3150,feature_l2,3150,2837,3150,1743,0.983427107334137,0.9947825074195862,0.18894298206944926,0.1889397589116347,0.000440014849879441,10.729782104492188,10.614908218383789,-0.11487388610839844
geometric_depth,8,0.16395120597324395,0.22107032394383766,3150,scaling_l2,3150,2837,3150,1743,0.983427107334137,0.9947825074195862,0.18894298206944926,0.1889397589116347,0.000440014849879441,0.12700708210468292,0.12638895213603973,-0.0006181299686431885
geometric_depth,8,0.16395120597324395,0.22107032394383766,3150,offset_l2,3150,2837,3150,1743,0.983427107334137,0.9947825074195862,0.18894298206944926,0.1889397589116347,0.000440014849879441,7.64394474029541,7.609288215637207,-0.034656524658203125
geometric_depth,9,0.22107032394383766,29.996089047052983,3151,feature_cosine,3151,2809,3151,1636,0.9709372520446777,0.9899628758430481,0.3880134022015547,0.38799848922293356,0.0004470485350424185,0.2637534737586975,0.2679120898246765,0.004158616065979004
geometric_depth,9,0.22107032394383766,29.996089047052983,3151,feature_l2,3151,2809,3151,1636,0.9709372520446777,0.9899628758430481,0.3880134022015547,0.38799848922293356,0.0004470485350424185,11.360284805297852,11.385152816772461,0.024868011474609375
geometric_depth,9,0.22107032394383766,29.996089047052983,3151,scaling_l2,3151,2809,3151,1636,0.9709372520446777,0.9899628758430481,0.3880134022015547,0.38799848922293356,0.0004470485350424185,0.25768861174583435,0.25456780195236206,-0.00312080979347229
geometric_depth,9,0.22107032394383766,29.996089047052983,3151,offset_l2,3151,2809,3151,1636,0.9709372520446777,0.9899628758430481,0.3880134022015547,0.38799848922293356,0.0004470485350424185,7.734612941741943,7.6945414543151855,-0.04007148742675781
geometric_composite,0,0.026776878222681166,0.07293816370587089,107,feature_cosine,107,90,107,74,0.9947763085365295,0.9968318939208984,0.051046096550260385,0.050932331622365046,0.0004324172389891199,0.19013428688049316,0.1727566123008728,-0.01737767457962036
geometric_composite,0,0.026776878222681166,0.07293816370587089,107,feature_l2,107,90,107,74,0.9947763085365295,0.9968318939208984,0.051046096550260385,0.050932331622365046,0.0004324172389891199,11.239439964294434,11.391850471496582,0.15241050720214844
geometric_composite,0,0.026776878222681166,0.07293816370587089,107,scaling_l2,107,90,107,74,0.9947763085365295,0.9968318939208984,0.051046096550260385,0.050932331622365046,0.0004324172389891199,0.03744356706738472,0.03796187415719032,0.000518307089805603
geometric_composite,0,0.026776878222681166,0.07293816370587089,107,offset_l2,107,90,107,74,0.9947763085365295,0.9968318939208984,0.051046096550260385,0.050932331622365046,0.0004324172389891199,6.649168014526367,7.508186340332031,0.8590183258056641
geometric_composite,1,0.07293816370587089,0.11654993127303677,106,feature_cosine,106,93,106,71,0.9881447553634644,0.9927258491516113,0.09710262805694979,0.09706669648873398,0.000384435633772189,0.2690098285675049,0.24131233990192413,-0.02769748866558075
geometric_composite,1,0.07293816370587089,0.11654993127303677,106,feature_l2,106,93,106,71,0.9881447553634644,0.9927258491516113,0.09710262805694979,0.09706669648873398,0.000384435633772189,10.645785331726074,10.825117111206055,0.17933177947998047
geometric_composite,1,0.07293816370587089,0.11654993127303677,106,scaling_l2,106,93,106,71,0.9881447553634644,0.9927258491516113,0.09710262805694979,0.09706669648873398,0.000384435633772189,0.059603478759527206,0.06303831934928894,0.003434840589761734
geometric_composite,1,0.07293816370587089,0.11654993127303677,106,offset_l2,106,93,106,71,0.9881447553634644,0.9927258491516113,0.09710262805694979,0.09706669648873398,0.000384435633772189,6.7389445304870605,6.427219390869141,-0.3117251396179199
geometric_composite,2,0.11654993127303677,0.15648966876730958,106,feature_cosine,106,85,106,58,0.980263352394104,0.9873401522636414,0.13729725303304438,0.13726205354749063,0.0003838928649128936,0.290926456451416,0.2569802403450012,-0.033946216106414795
geometric_composite,2,0.11654993127303677,0.15648966876730958,106,feature_l2,106,85,106,58,0.980263352394104,0.9873401522636414,0.13729725303304438,0.13726205354749063,0.0003838928649128936,10.325956344604492,10.698101997375488,0.3721456527709961
geometric_composite,2,0.11654993127303677,0.15648966876730958,106,scaling_l2,106,85,106,58,0.980263352394104,0.9873401522636414,0.13729725303304438,0.13726205354749063,0.0003838928649128936,0.12117567658424377,0.14660553634166718,0.0254298597574234
geometric_composite,2,0.11654993127303677,0.15648966876730958,106,offset_l2,106,85,106,58,0.980263352394104,0.9873401522636414,0.13729725303304438,0.13726205354749063,0.0003838928649128936,7.3316650390625,6.768531799316406,-0.5631332397460938
geometric_composite,3,0.15648966876730958,0.19340382537058498,106,feature_cosine,106,94,106,69,0.9727752208709717,0.98345947265625,0.17301261526521436,0.17293879827474817,0.0004391131019164911,0.2073172926902771,0.19910316169261932,-0.008214130997657776
geometric_composite,3,0.15648966876730958,0.19340382537058498,106,feature_l2,106,94,106,69,0.9727752208709717,0.98345947265625,0.17301261526521436,0.17293879827474817,0.0004391131019164911,10.857810020446777,10.659049987792969,-0.1987600326538086
geometric_composite,3,0.15648966876730958,0.19340382537058498,106,scaling_l2,106,94,106,69,0.9727752208709717,0.98345947265625,0.17301261526521436,0.17293879827474817,0.0004391131019164911,0.16775104403495789,0.15917199850082397,-0.008579045534133911
geometric_composite,3,0.15648966876730958,0.19340382537058498,106,offset_l2,106,94,106,69,0.9727752208709717,0.98345947265625,0.17301261526521436,0.17293879827474817,0.0004391131019164911,6.968947887420654,7.032837867736816,0.06388998031616211
geometric_composite,4,0.19340382537058498,0.23627180477866488,106,feature_cosine,106,97,106,57,0.9697892069816589,0.9806578755378723,0.20984944697876626,0.20984921402145953,0.00044232486286467014,0.21059565246105194,0.22281906008720398,0.012223407626152039
geometric_composite,4,0.19340382537058498,0.23627180477866488,106,feature_l2,106,97,106,57,0.9697892069816589,0.9806578755378723,0.20984944697876626,0.20984921402145953,0.00044232486286467014,11.010597229003906,11.37320327758789,0.3626060485839844
geometric_composite,4,0.19340382537058498,0.23627180477866488,106,scaling_l2,106,97,106,57,0.9697892069816589,0.9806578755378723,0.20984944697876626,0.20984921402145953,0.00044232486286467014,0.16960719227790833,0.18605755269527435,0.016450360417366028
geometric_composite,4,0.19340382537058498,0.23627180477866488,106,offset_l2,106,97,106,57,0.9697892069816589,0.9806578755378723,0.20984944697876626,0.20984921402145953,0.00044232486286467014,6.671481132507324,7.068149089813232,0.3966679573059082
geometric_composite,5,0.23627180477866488,0.28310484449383777,106,feature_cosine,106,95,106,58,0.9604752659797668,0.9767395853996277,0.2571999441905464,0.2572476096857123,0.00047343949197709695,0.20900706946849823,0.23245690762996674,0.023449838161468506
geometric_composite,5,0.23627180477866488,0.28310484449383777,106,feature_l2,106,95,106,58,0.9604752659797668,0.9767395853996277,0.2571999441905464,0.2572476096857123,0.00047343949197709695,10.357943534851074,10.1082763671875,-0.24966716766357422
geometric_composite,5,0.23627180477866488,0.28310484449383777,106,scaling_l2,106,95,106,58,0.9604752659797668,0.9767395853996277,0.2571999441905464,0.2572476096857123,0.00047343949197709695,0.2245429903268814,0.2260924130678177,0.0015494227409362793
geometric_composite,5,0.23627180477866488,0.28310484449383777,106,offset_l2,106,95,106,58,0.9604752659797668,0.9767395853996277,0.2571999441905464,0.2572476096857123,0.00047343949197709695,8.516073226928711,7.400574207305908,-1.1154990196228027
geometric_composite,6,0.28310484449383777,0.3577133913595476,106,feature_cosine,106,90,106,47,0.9462311267852783,0.968275249004364,0.31819029857407866,0.31818611545067815,0.0004625059429356686,0.15208597481250763,0.21703359484672546,0.06494762003421783
geometric_composite,6,0.28310484449383777,0.3577133913595476,106,feature_l2,106,90,106,47,0.9462311267852783,0.968275249004364,0.31819029857407866,0.31818611545067815,0.0004625059429356686,11.631147384643555,11.524518013000488,-0.1066293716430664
geometric_composite,6,0.28310484449383777,0.3577133913595476,106,scaling_l2,106,90,106,47,0.9462311267852783,0.968275249004364,0.31819029857407866,0.31818611545067815,0.0004625059429356686,0.18966135382652283,0.19836370646953583,0.008702352643013
geometric_composite,6,0.28310484449383777,0.3577133913595476,106,offset_l2,106,90,106,47,0.9462311267852783,0.968275249004364,0.31819029857407866,0.31818611545067815,0.0004625059429356686,7.635378837585449,7.611725330352783,-0.023653507232666016
geometric_composite,7,0.3577133913595476,0.4778520592399804,106,feature_cosine,106,94,106,57,0.9251340627670288,0.9564836621284485,0.4110943814809023,0.4111066390900769,0.00042069371080282516,0.20344917476177216,0.24167989194393158,0.038230717182159424
geometric_composite,7,0.3577133913595476,0.4778520592399804,106,feature_l2,106,94,106,57,0.9251340627670288,0.9564836621284485,0.4110943814809023,0.4111066390900769,0.00042069371080282516,11.04389476776123,10.858774185180664,-0.1851205825805664
geometric_composite,7,0.3577133913595476,0.4778520592399804,106,scaling_l2,106,94,106,57,0.9251340627670288,0.9564836621284485,0.4110943814809023,0.4111066390900769,0.00042069371080282516,0.30636167526245117,0.2949616014957428,-0.011400073766708374
geometric_composite,7,0.3577133913595476,0.4778520592399804,106,offset_l2,106,94,106,57,0.9251340627670288,0.9564836621284485,0.4110943814809023,0.4111066390900769,0.00042069371080282516,6.724802494049072,6.739752769470215,0.014950275421142578
geometric_composite,8,0.4778520592399804,0.66416331119052,106,feature_cosine,106,89,106,37,0.8907006978988647,0.926062822341919,0.5647520032823082,0.5647335860800593,0.0004076285117461387,0.10158885270357132,0.12391062825918198,0.022321775555610657
geometric_composite,8,0.4778520592399804,0.66416331119052,106,feature_l2,106,89,106,37,0.8907006978988647,0.926062822341919,0.5647520032823082,0.5647335860800593,0.0004076285117461387,11.453015327453613,11.33772087097168,-0.1152944564819336
geometric_composite,8,0.4778520592399804,0.66416331119052,106,scaling_l2,106,89,106,37,0.8907006978988647,0.926062822341919,0.5647520032823082,0.5647335860800593,0.0004076285117461387,0.6162344217300415,0.6323776841163635,0.01614326238632202
geometric_composite,8,0.4778520592399804,0.66416331119052,106,offset_l2,106,89,106,37,0.8907006978988647,0.926062822341919,0.5647520032823082,0.5647335860800593,0.0004076285117461387,7.285580635070801,7.492547512054443,0.20696687698364258
geometric_composite,9,0.66416331119052,30.25012784776831,107,feature_cosine,107,93,107,50,0.7856962084770203,0.8376687169075012,1.5403371982205611,1.5403552818130826,0.0004461109378495852,0.10779093205928802,0.20427702367305756,0.09648609161376953
geometric_composite,9,0.66416331119052,30.25012784776831,107,feature_l2,107,93,107,50,0.7856962084770203,0.8376687169075012,1.5403371982205611,1.5403552818130826,0.0004461109378495852,13.140970230102539,11.998655319213867,-1.1423149108886719
geometric_composite,9,0.66416331119052,30.25012784776831,107,scaling_l2,107,93,107,50,0.7856962084770203,0.8376687169075012,1.5403371982205611,1.5403552818130826,0.0004461109378495852,1.178299903869629,1.2482938766479492,0.06999397277832031
geometric_composite,9,0.66416331119052,30.25012784776831,107,offset_l2,107,93,107,50,0.7856962084770203,0.8376687169075012,1.5403371982205611,1.5403552818130826,0.0004461109378495852,8.103398323059082,8.484288215637207,0.380889892578125
