score_type,distance_bin,distance_min,distance_max,pair_count,metric,count,pearson,spearman
binary_jaccard,0,0.00099945068359375,0.03521361300522301,128000,feature_cosine,128000,0.022874001413583755,0.062323165116696694
binary_jaccard,0,0.00099945068359375,0.03521361300522301,128000,feature_l2,128000,-0.004495128523558378,-0.03297548437609755
binary_jaccard,0,0.00099945068359375,0.03521361300522301,128000,scaling_l2,128000,-0.009593813680112362,-0.016403460596598227
binary_jaccard,0,0.00099945068359375,0.03521361300522301,128000,offset_l2,128000,0.018120888620615005,-0.01790323333920888
binary_jaccard,1,0.03521361300522301,0.05067537727705733,128000,feature_cosine,128000,-0.024058712646365166,0.004724934160571707
binary_jaccard,1,0.03521361300522301,0.05067537727705733,128000,feature_l2,128000,0.03600633144378662,0.020459099491203718
binary_jaccard,1,0.03521361300522301,0.05067537727705733,128000,scaling_l2,128000,0.0032993447966873646,0.010027928448948746
binary_jaccard,1,0.03521361300522301,0.05067537727705733,128000,offset_l2,128000,0.03563489019870758,-0.003351275039345909
binary_jaccard,2,0.05067537727705733,0.06398430387434036,127998,feature_cosine,127998,-0.0019135086331516504,0.016970458917385647
binary_jaccard,2,0.05067537727705733,0.06398430387434036,127998,feature_l2,127998,0.013352736830711365,0.006144792264666032
binary_jaccard,2,0.05067537727705733,0.06398430387434036,127998,scaling_l2,127998,-0.0034181522205471992,0.006552902073587891
binary_jaccard,2,0.05067537727705733,0.06398430387434036,127998,offset_l2,127998,0.03172070160508156,-0.0012749939227947457
binary_jaccard,3,0.06398430387434036,0.0760855626773524,128002,feature_cosine,128002,0.0112446965649724,0.02301949135167745
binary_jaccard,3,0.06398430387434036,0.0760855626773524,128002,feature_l2,128002,0.0005337148904800415,-0.0033111125604255685
binary_jaccard,3,0.06398430387434036,0.0760855626773524,128002,scaling_l2,128002,0.006587821990251541,0.01820505161473532
binary_jaccard,3,0.06398430387434036,0.0760855626773524,128002,offset_l2,128002,0.04495298117399216,0.00883338183755092
binary_jaccard,4,0.0760855626773524,0.08895506202428984,127999,feature_cosine,127999,0.025044240057468414,0.03617470232860631
binary_jaccard,4,0.0760855626773524,0.08895506202428984,127999,feature_l2,127999,-0.009172662161290646,-0.011189459338017472
binary_jaccard,4,0.0760855626773524,0.08895506202428984,127999,scaling_l2,127999,0.0035982385743409395,0.016921597201905635
binary_jaccard,4,0.0760855626773524,0.08895506202428984,127999,offset_l2,127999,0.046360138803720474,0.016122545107877796
binary_jaccard,5,0.08895506202428984,0.1053613153355335,128001,feature_cosine,128001,0.029775064438581467,0.046970301754477736
binary_jaccard,5,0.08895506202428984,0.1053613153355335,128001,feature_l2,128001,-0.0086900033056736,-0.013595841238910293
binary_jaccard,5,0.08895506202428984,0.1053613153355335,128001,scaling_l2,128001,-0.003669074969366193,0.011659874336076126
binary_jaccard,5,0.08895506202428984,0.1053613153355335,128001,offset_l2,128001,0.04511105641722679,0.014282368559235798
binary_jaccard,6,0.1053613153355335,0.12899631146046472,127989,feature_cosine,127989,0.027839476242661476,0.040031143376898906
binary_jaccard,6,0.1053613153355335,0.12899631146046472,127989,feature_l2,127989,-0.003234866075217724,-0.002306468799425292
binary_jaccard,6,0.1053613153355335,0.12899631146046472,127989,scaling_l2,127989,-0.004317388869822025,0.00668291546671508
binary_jaccard,6,0.1053613153355335,0.12899631146046472,127989,offset_l2,127989,0.04593876749277115,0.021709157008442014
binary_jaccard,7,0.12899631146046472,0.1659397152259196,128011,feature_cosine,128011,0.023853812366724014,0.04936034261821858
binary_jaccard,7,0.12899631146046472,0.1659397152259196,128011,feature_l2,128011,0.006827774457633495,0.002506993748661127
binary_jaccard,7,0.12899631146046472,0.1659397152259196,128011,scaling_l2,128011,-0.030568866059184074,-0.03535369548026243
binary_jaccard,7,0.12899631146046472,0.1659397152259196,128011,offset_l2,128011,0.03126664459705353,-0.003053688921904166
binary_jaccard,8,0.1659397152259196,0.23748666223929218,128000,feature_cosine,128000,-0.020488528534770012,0.004359390918770072
binary_jaccard,8,0.1659397152259196,0.23748666223929218,128000,feature_l2,128000,0.029193585738539696,0.02630656404998652
binary_jaccard,8,0.1659397152259196,0.23748666223929218,128000,scaling_l2,128000,-0.061327893286943436,-0.07527401607846285
binary_jaccard,8,0.1659397152259196,0.23748666223929218,128000,offset_l2,128000,0.015450484119355679,-0.015539564167127153
binary_jaccard,9,0.23748666223929218,30.282347189573574,128000,feature_cosine,128000,0.0245171207934618,0.022461866577862193
binary_jaccard,9,0.23748666223929218,30.282347189573574,128000,feature_l2,128000,-0.034633055329322815,-0.008847524195650009
binary_jaccard,9,0.23748666223929218,30.282347189573574,128000,scaling_l2,128000,-0.15347975492477417,-0.18032373349447395
binary_jaccard,9,0.23748666223929218,30.282347189573574,128000,offset_l2,128000,-0.022845368832349777,-0.01158623505771232
geometric_distance,0,0.00099945068359375,0.03521361300522301,128000,feature_cosine,128000,0.16424627602100372,0.16765570584359119
geometric_distance,0,0.00099945068359375,0.03521361300522301,128000,feature_l2,128000,-0.11419371515512466,-0.11612327362565684
geometric_distance,0,0.00099945068359375,0.03521361300522301,128000,scaling_l2,128000,0.03416270762681961,-0.0049826209707647005
geometric_distance,0,0.00099945068359375,0.03521361300522301,128000,offset_l2,128000,-0.03803079575300217,-0.05221827464445619
geometric_distance,1,0.03521361300522301,0.05067537727705733,128000,feature_cosine,128000,0.10325174778699875,0.09574138192852251
geometric_distance,1,0.03521361300522301,0.05067537727705733,128000,feature_l2,128000,-0.07593809068202972,-0.07307923536620074
geometric_distance,1,0.03521361300522301,0.05067537727705733,128000,scaling_l2,128000,0.06577084958553314,0.06085661726712185
geometric_distance,1,0.03521361300522301,0.05067537727705733,128000,offset_l2,128000,-0.025351449847221375,-0.03192919697617971
geometric_distance,2,0.05067537727705733,0.06398430387434036,127998,feature_cosine,127998,0.08794242143630981,0.08120692964465984
geometric_distance,2,0.05067537727705733,0.06398430387434036,127998,feature_l2,127998,-0.06197045370936394,-0.05968694705579869
geometric_distance,2,0.05067537727705733,0.06398430387434036,127998,scaling_l2,127998,0.05864647030830383,0.05523270114242004
geometric_distance,2,0.05067537727705733,0.06398430387434036,127998,offset_l2,127998,-0.01289374753832817,-0.018261854008494217
geometric_distance,3,0.06398430387434036,0.0760855626773524,128002,feature_cosine,128002,0.08424369245767593,0.07922605491029014
geometric_distance,3,0.06398430387434036,0.0760855626773524,128002,feature_l2,128002,-0.04845589026808739,-0.0498096592213837
geometric_distance,3,0.06398430387434036,0.0760855626773524,128002,scaling_l2,128002,0.05618534982204437,0.06025837184085686
geometric_distance,3,0.06398430387434036,0.0760855626773524,128002,offset_l2,128002,-0.010130586102604866,-0.014473941151116653
geometric_distance,4,0.0760855626773524,0.08895506202428984,127999,feature_cosine,127999,0.08012846112251282,0.07519233856556153
geometric_distance,4,0.0760855626773524,0.08895506202428984,127999,feature_l2,127999,-0.04303283616900444,-0.04438283086702631
geometric_distance,4,0.0760855626773524,0.08895506202428984,127999,scaling_l2,127999,0.05738407000899315,0.06802792872355633
geometric_distance,4,0.0760855626773524,0.08895506202428984,127999,offset_l2,127999,-0.011412964202463627,-0.016358891882181897
geometric_distance,5,0.08895506202428984,0.1053613153355335,128001,feature_cosine,128001,0.08511247485876083,0.08014382286333985
geometric_distance,5,0.08895506202428984,0.1053613153355335,128001,feature_l2,128001,-0.04808839410543442,-0.05282312619030772
geometric_distance,5,0.08895506202428984,0.1053613153355335,128001,scaling_l2,128001,0.07193558663129807,0.07718683568163198
geometric_distance,5,0.08895506202428984,0.1053613153355335,128001,offset_l2,128001,-0.015458420850336552,-0.020172563543040162
geometric_distance,6,0.1053613153355335,0.12899631146046472,127989,feature_cosine,127989,0.07928206026554108,0.09401433624957868
geometric_distance,6,0.1053613153355335,0.12899631146046472,127989,feature_l2,127989,-0.042699068784713745,-0.06184086225909474
geometric_distance,6,0.1053613153355335,0.12899631146046472,127989,scaling_l2,127989,0.033968403935432434,0.03529368759264088
geometric_distance,6,0.1053613153355335,0.12899631146046472,127989,offset_l2,127989,-0.024548964574933052,-0.03856696593843003
geometric_distance,7,0.12899631146046472,0.1659397152259196,128011,feature_cosine,128011,0.08435629308223724,0.10915098604247855
geometric_distance,7,0.12899631146046472,0.1659397152259196,128011,feature_l2,128011,-0.04142297804355621,-0.06387221194875493
geometric_distance,7,0.12899631146046472,0.1659397152259196,128011,scaling_l2,128011,0.004689931869506836,-0.01535079778302398
geometric_distance,7,0.12899631146046472,0.1659397152259196,128011,offset_l2,128011,-0.03819510340690613,-0.061995871386862966
geometric_distance,8,0.1659397152259196,0.23748666223929218,128000,feature_cosine,128000,0.11812349408864975,0.11540536961212648
geometric_distance,8,0.1659397152259196,0.23748666223929218,128000,feature_l2,128000,-0.04489121958613396,-0.059944129342472834
geometric_distance,8,0.1659397152259196,0.23748666223929218,128000,scaling_l2,128000,-0.023358391597867012,-0.05846574841443028
geometric_distance,8,0.1659397152259196,0.23748666223929218,128000,offset_l2,128000,-0.049046773463487625,-0.05706322307545149
geometric_distance,9,0.23748666223929218,30.282347189573574,128000,feature_cosine,128000,0.03490492329001427,0.10029197265985844
geometric_distance,9,0.23748666223929218,30.282347189573574,128000,feature_l2,128000,-0.04578988254070282,-0.0130126733852259
geometric_distance,9,0.23748666223929218,30.282347189573574,128000,scaling_l2,128000,-0.2582005560398102,-0.13912676821444708
geometric_distance,9,0.23748666223929218,30.282347189573574,128000,offset_l2,128000,-0.027910180389881134,-0.08007034075212194
geometric_direction,0,0.00099945068359375,0.03521361300522301,128000,feature_cosine,128000,0.16552580893039703,0.1774961032238507
geometric_direction,0,0.00099945068359375,0.03521361300522301,128000,feature_l2,128000,-0.11195273697376251,-0.1168619514740967
geometric_direction,0,0.00099945068359375,0.03521361300522301,128000,scaling_l2,128000,0.050787173211574554,0.01608949316562569
geometric_direction,0,0.00099945068359375,0.03521361300522301,128000,offset_l2,128000,-0.019076406955718994,-0.028273015905131392
geometric_direction,1,0.03521361300522301,0.05067537727705733,128000,feature_cosine,128000,0.10147805511951447,0.09941130998967139
geometric_direction,1,0.03521361300522301,0.05067537727705733,128000,feature_l2,128000,-0.07171322405338287,-0.0731896724258526
geometric_direction,1,0.03521361300522301,0.05067537727705733,128000,scaling_l2,128000,0.11103272438049316,0.13441808209467745
geometric_direction,1,0.03521361300522301,0.05067537727705733,128000,offset_l2,128000,0.001153368502855301,0.0008491772883376055
geometric_direction,2,0.05067537727705733,0.06398430387434036,127998,feature_cosine,127998,0.05927829071879387,0.056263877092619465
geometric_direction,2,0.05067537727705733,0.06398430387434036,127998,feature_l2,127998,-0.04082140326499939,-0.04359377565884479
geometric_direction,2,0.05067537727705733,0.06398430387434036,127998,scaling_l2,127998,0.11499293893575668,0.12865604356770444
geometric_direction,2,0.05067537727705733,0.06398430387434036,127998,offset_l2,127998,0.009521161206066608,0.016157418808926675
geometric_direction,3,0.06398430387434036,0.0760855626773524,128002,feature_cosine,128002,0.036301139742136,0.03263858838593338
geometric_direction,3,0.06398430387434036,0.0760855626773524,128002,feature_l2,128002,-0.016314437612891197,-0.022453327479356668
geometric_direction,3,0.06398430387434036,0.0760855626773524,128002,scaling_l2,128002,0.12770913541316986,0.13502650470840824
geometric_direction,3,0.06398430387434036,0.0760855626773524,128002,offset_l2,128002,0.014392559416592121,0.017122665566826588
geometric_direction,4,0.0760855626773524,0.08895506202428984,127999,feature_cosine,127999,0.02988240495324135,0.02805762385886409
geometric_direction,4,0.0760855626773524,0.08895506202428984,127999,feature_l2,127999,-0.011691262945532799,-0.02045613872106283
geometric_direction,4,0.0760855626773524,0.08895506202428984,127999,scaling_l2,127999,0.12136915326118469,0.14417391949365796
geometric_direction,4,0.0760855626773524,0.08895506202428984,127999,offset_l2,127999,0.02261441946029663,0.024772770150324825
geometric_direction,5,0.08895506202428984,0.1053613153355335,128001,feature_cosine,128001,0.041546497493982315,0.038316268560389805
geometric_direction,5,0.08895506202428984,0.1053613153355335,128001,feature_l2,128001,-0.008884450420737267,-0.017995278666978552
geometric_direction,5,0.08895506202428984,0.1053613153355335,128001,scaling_l2,128001,0.12647350132465363,0.14972825786645444
geometric_direction,5,0.08895506202428984,0.1053613153355335,128001,offset_l2,128001,0.01421816274523735,0.013900912127656387
geometric_direction,6,0.1053613153355335,0.12899631146046472,127989,feature_cosine,127989,-0.003949613776057959,0.05076321968200315
geometric_direction,6,0.1053613153355335,0.12899631146046472,127989,feature_l2,127989,0.0015442309668287635,-0.007183133908617091
geometric_direction,6,0.1053613153355335,0.12899631146046472,127989,scaling_l2,127989,0.0012680715881288052,0.10518354398276604
geometric_direction,6,0.1053613153355335,0.12899631146046472,127989,offset_l2,127989,0.002897616010159254,-0.008124622772906652
geometric_direction,7,0.12899631146046472,0.1659397152259196,128011,feature_cosine,128011,-0.004845160525292158,0.08423252242766562
geometric_direction,7,0.12899631146046472,0.1659397152259196,128011,feature_l2,128011,-0.0007146522402763367,-0.0011770551972787816
geometric_direction,7,0.12899631146046472,0.1659397152259196,128011,scaling_l2,128011,-0.0014581902651116252,0.00012363943051738488
geometric_direction,7,0.12899631146046472,0.1659397152259196,128011,offset_l2,128011,0.0040467060171067715,-0.035489771577393865
geometric_direction,8,0.1659397152259196,0.23748666223929218,128000,feature_cosine,128000,0.08215250819921494,0.08176642746024587
geometric_direction,8,0.1659397152259196,0.23748666223929218,128000,feature_l2,128000,0.014898096211254597,0.008136451670141246
geometric_direction,8,0.1659397152259196,0.23748666223929218,128000,scaling_l2,128000,-0.022452741861343384,-0.05608470799058189
geometric_direction,8,0.1659397152259196,0.23748666223929218,128000,offset_l2,128000,-0.023609574884176254,-0.04792934533698404
geometric_direction,9,0.23748666223929218,30.282347189573574,128000,feature_cosine,128000,-0.005800498649477959,0.10524792441880343
geometric_direction,9,0.23748666223929218,30.282347189573574,128000,feature_l2,128000,-0.018206102773547173,0.039131205415021436
geometric_direction,9,0.23748666223929218,30.282347189573574,128000,scaling_l2,128000,-0.02206648886203766,-0.13765197016899136
geometric_direction,9,0.23748666223929218,30.282347189573574,128000,offset_l2,128000,0.020838936790823936,-0.06650786154077072
geometric_image,0,0.00099945068359375,0.03521361300522301,128000,feature_cosine,128000,0.14500530064105988,0.16931427491462814
geometric_image,0,0.00099945068359375,0.03521361300522301,128000,feature_l2,128000,-0.09025692939758301,-0.10467635728035563
geometric_image,0,0.00099945068359375,0.03521361300522301,128000,scaling_l2,128000,0.044358838349580765,0.006511056839207989
geometric_image,0,0.00099945068359375,0.03521361300522301,128000,offset_l2,128000,-0.019778527319431305,-0.032348767850092115
geometric_image,1,0.03521361300522301,0.05067537727705733,128000,feature_cosine,128000,0.07059910148382187,0.08504188348211517
geometric_image,1,0.03521361300522301,0.05067537727705733,128000,feature_l2,128000,-0.03719136118888855,-0.04773979101661695
geometric_image,1,0.03521361300522301,0.05067537727705733,128000,scaling_l2,128000,0.08744309842586517,0.10304181944056552
geometric_image,1,0.03521361300522301,0.05067537727705733,128000,offset_l2,128000,-0.00024431012570858,-0.00514108157323764
geometric_image,2,0.05067537727705733,0.06398430387434036,127998,feature_cosine,127998,0.03801117092370987,0.049353053346977586
geometric_image,2,0.05067537727705733,0.06398430387434036,127998,feature_l2,127998,-0.011148056015372276,-0.022462306196224698
geometric_image,2,0.05067537727705733,0.06398430387434036,127998,scaling_l2,127998,0.09125535190105438,0.09659149062580301
geometric_image,2,0.05067537727705733,0.06398430387434036,127998,offset_l2,127998,0.007340138778090477,0.009225371772528143
geometric_image,3,0.06398430387434036,0.0760855626773524,128002,feature_cosine,128002,0.0220387801527977,0.028124144457546126
geometric_image,3,0.06398430387434036,0.0760855626773524,128002,feature_l2,128002,0.009222989901900291,-0.00027940494378465305
geometric_image,3,0.06398430387434036,0.0760855626773524,128002,scaling_l2,128002,0.09864544868469238,0.10060945609815988
geometric_image,3,0.06398430387434036,0.0760855626773524,128002,offset_l2,128002,0.011151799000799656,0.007645900999911727
geometric_image,4,0.0760855626773524,0.08895506202428984,127999,feature_cosine,127999,0.015632551163434982,0.021438665583416946
geometric_image,4,0.0760855626773524,0.08895506202428984,127999,feature_l2,127999,0.015140293166041374,0.005757097265141853
geometric_image,4,0.0760855626773524,0.08895506202428984,127999,scaling_l2,127999,0.08866781741380692,0.10334721639761174
geometric_image,4,0.0760855626773524,0.08895506202428984,127999,offset_l2,127999,0.0169218797236681,0.012435218585227224
geometric_image,5,0.08895506202428984,0.1053613153355335,128001,feature_cosine,128001,0.021135937422513962,0.028265335418198253
geometric_image,5,0.08895506202428984,0.1053613153355335,128001,feature_l2,128001,0.02155894786119461,0.00982014357948622
geometric_image,5,0.08895506202428984,0.1053613153355335,128001,scaling_l2,128001,0.09127973765134811,0.11262398287542592
geometric_image,5,0.08895506202428984,0.1053613153355335,128001,offset_l2,128001,0.010345172137022018,0.0055172348943086594
geometric_image,6,0.1053613153355335,0.12899631146046472,127989,feature_cosine,127989,0.021188046783208847,0.030540325224004117
geometric_image,6,0.1053613153355335,0.12899631146046472,127989,feature_l2,127989,0.029213884845376015,0.020850166835357717
geometric_image,6,0.1053613153355335,0.12899631146046472,127989,scaling_l2,127989,0.06333709508180618,0.08189608837579845
geometric_image,6,0.1053613153355335,0.12899631146046472,127989,offset_l2,127989,-0.004182402975857258,-0.011738312047783155
geometric_image,7,0.12899631146046472,0.1659397152259196,128011,feature_cosine,128011,0.05423348397016525,0.059036759093607255
geometric_image,7,0.12899631146046472,0.1659397152259196,128011,feature_l2,128011,0.025881687179207802,0.026476736099798556
geometric_image,7,0.12899631146046472,0.1659397152259196,128011,scaling_l2,128011,0.005539299920201302,-0.020009700520331776
geometric_image,7,0.12899631146046472,0.1659397152259196,128011,offset_l2,128011,-0.01776213012635708,-0.037477616945966914
geometric_image,8,0.1659397152259196,0.23748666223929218,128000,feature_cosine,128000,0.0461450070142746,0.05230296708074611
geometric_image,8,0.1659397152259196,0.23748666223929218,128000,feature_l2,128000,0.035086341202259064,0.03297394510113292
geometric_image,8,0.1659397152259196,0.23748666223929218,128000,scaling_l2,128000,-0.03178110718727112,-0.07327359943148089
geometric_image,8,0.1659397152259196,0.23748666223929218,128000,offset_l2,128000,-0.026369906961917877,-0.05060278158201398
geometric_image,9,0.23748666223929218,30.282347189573574,128000,feature_cosine,128000,0.08177743852138519,0.08773696946879161
geometric_image,9,0.23748666223929218,30.282347189573574,128000,feature_l2,128000,-0.056386902928352356,0.037695475426385086
geometric_image,9,0.23748666223929218,30.282347189573574,128000,scaling_l2,128000,-0.17822767794132233,-0.15357588758920424
geometric_image,9,0.23748666223929218,30.282347189573574,128000,offset_l2,128000,-0.0971529558300972,-0.06309471883241753
geometric_depth,0,0.00099945068359375,0.03521361300522301,128000,feature_cosine,128000,0.16281232237815857,0.1682480605941836
geometric_depth,0,0.00099945068359375,0.03521361300522301,128000,feature_l2,128000,-0.1073731929063797,-0.11132275390596008
geometric_depth,0,0.00099945068359375,0.03521361300522301,128000,scaling_l2,128000,0.0424475371837616,0.00836873617563615
geometric_depth,0,0.00099945068359375,0.03521361300522301,128000,offset_l2,128000,-0.029276732355356216,-0.044387317151798715
geometric_depth,1,0.03521361300522301,0.05067537727705733,128000,feature_cosine,128000,0.09656994044780731,0.09079551094213076
geometric_depth,1,0.03521361300522301,0.05067537727705733,128000,feature_l2,128000,-0.06029093265533447,-0.06017202388014288
geometric_depth,1,0.03521361300522301,0.05067537727705733,128000,scaling_l2,128000,0.07833340018987656,0.08286187838884887
geometric_depth,1,0.03521361300522301,0.05067537727705733,128000,offset_l2,128000,-0.01357746496796608,-0.021092343645630448
geometric_depth,2,0.05067537727705733,0.06398430387434036,127998,feature_cosine,127998,0.08494481444358826,0.08004819275853704
geometric_depth,2,0.05067537727705733,0.06398430387434036,127998,feature_l2,127998,-0.04862518608570099,-0.049783497215324636
geometric_depth,2,0.05067537727705733,0.06398430387434036,127998,scaling_l2,127998,0.07437881827354431,0.07863063467638631
geometric_depth,2,0.05067537727705733,0.06398430387434036,127998,offset_l2,127998,-0.0010639489628374577,-0.0076498811142050455
geometric_depth,3,0.06398430387434036,0.0760855626773524,128002,feature_cosine,128002,0.08398312330245972,0.07956760689349697
geometric_depth,3,0.06398430387434036,0.0760855626773524,128002,feature_l2,128002,-0.03563176095485687,-0.03878736329215033
geometric_depth,3,0.06398430387434036,0.0760855626773524,128002,scaling_l2,128002,0.07206855714321136,0.08792542097686674
geometric_depth,3,0.06398430387434036,0.0760855626773524,128002,offset_l2,128002,0.002117374911904335,-0.004615927595989489
geometric_depth,4,0.0760855626773524,0.08895506202428984,127999,feature_cosine,127999,0.08301769942045212,0.07884945840036288
geometric_depth,4,0.0760855626773524,0.08895506202428984,127999,feature_l2,127999,-0.03169681876897812,-0.03579641295949121
geometric_depth,4,0.0760855626773524,0.08895506202428984,127999,scaling_l2,127999,0.07162045687437057,0.0916123101428105
geometric_depth,4,0.0760855626773524,0.08895506202428984,127999,offset_l2,127999,0.001941645983606577,-0.005614092227997874
geometric_depth,5,0.08895506202428984,0.1053613153355335,128001,feature_cosine,128001,0.08817346394062042,0.08349152646559882
geometric_depth,5,0.08895506202428984,0.1053613153355335,128001,feature_l2,128001,-0.037242189049720764,-0.04327017277047428
geometric_depth,5,0.08895506202428984,0.1053613153355335,128001,scaling_l2,128001,0.08258996903896332,0.09177458061801302
geometric_depth,5,0.08895506202428984,0.1053613153355335,128001,offset_l2,128001,-0.009694130159914494,-0.016909646125347982
geometric_depth,6,0.1053613153355335,0.12899631146046472,127989,feature_cosine,127989,0.07889349013566971,0.09261222171074032
geometric_depth,6,0.1053613153355335,0.12899631146046472,127989,feature_l2,127989,-0.033330775797367096,-0.05148196078450844
geometric_depth,6,0.1053613153355335,0.12899631146046472,127989,scaling_l2,127989,0.040219951421022415,0.04176051002190736
geometric_depth,6,0.1053613153355335,0.12899631146046472,127989,offset_l2,127989,-0.025556281208992004,-0.041896256633974865
geometric_depth,7,0.12899631146046472,0.1659397152259196,128011,feature_cosine,128011,0.08161813765764236,0.1060486406005231
geometric_depth,7,0.12899631146046472,0.1659397152259196,128011,feature_l2,128011,-0.031345970928668976,-0.05195563324542698
geometric_depth,7,0.12899631146046472,0.1659397152259196,128011,scaling_l2,128011,0.006039647851139307,-0.017809674106692205
geometric_depth,7,0.12899631146046472,0.1659397152259196,128011,offset_l2,128011,-0.0381685271859169,-0.06359914779965216
geometric_depth,8,0.1659397152259196,0.23748666223929218,128000,feature_cosine,128000,0.10615919530391693,0.10502174812693811
geometric_depth,8,0.1659397152259196,0.23748666223929218,128000,feature_l2,128000,-0.031080130487680435,-0.04718028003806088
geometric_depth,8,0.1659397152259196,0.23748666223929218,128000,scaling_l2,128000,-0.019504718482494354,-0.05904767381833012
geometric_depth,8,0.1659397152259196,0.23748666223929218,128000,offset_l2,128000,-0.04582417011260986,-0.05564148108408613
geometric_depth,9,0.23748666223929218,30.282347189573574,128000,feature_cosine,128000,0.03312385082244873,0.09533681291429855
geometric_depth,9,0.23748666223929218,30.282347189573574,128000,feature_l2,128000,-0.04071303457021713,0.0051470562553793345
geometric_depth,9,0.23748666223929218,30.282347189573574,128000,scaling_l2,128000,-0.2570481300354004,-0.13918736927239767
geometric_depth,9,0.23748666223929218,30.282347189573574,128000,offset_l2,128000,-0.025123849511146545,-0.07633218618221739
geometric_composite,0,0.00099945068359375,0.03521361300522301,128000,feature_cosine,128000,0.18684953451156616,0.18773492119018348
geometric_composite,0,0.00099945068359375,0.03521361300522301,128000,feature_l2,128000,-0.12320586293935776,-0.12379008152674091
geometric_composite,0,0.00099945068359375,0.03521361300522301,128000,scaling_l2,128000,0.048188716173172,0.007056328393438496
geometric_composite,0,0.00099945068359375,0.03521361300522301,128000,offset_l2,128000,-0.03416791930794716,-0.04643034829615379
geometric_composite,1,0.03521361300522301,0.05067537727705733,128000,feature_cosine,128000,0.12990213930606842,0.12408605001867425
geometric_composite,1,0.03521361300522301,0.05067537727705733,128000,feature_l2,128000,-0.08143073320388794,-0.08412335871062765
geometric_composite,1,0.03521361300522301,0.05067537727705733,128000,scaling_l2,128000,0.11726755648851395,0.11450799622305644
geometric_composite,1,0.03521361300522301,0.05067537727705733,128000,offset_l2,128000,-0.016519226133823395,-0.021940650148618106
geometric_composite,2,0.05067537727705733,0.06398430387434036,127998,feature_cosine,127998,0.1009463295340538,0.09539688711951137
geometric_composite,2,0.05067537727705733,0.06398430387434036,127998,feature_l2,127998,-0.05450831353664398,-0.05941071243154538
geometric_composite,2,0.05067537727705733,0.06398430387434036,127998,scaling_l2,127998,0.12470051646232605,0.10922510552550126
geometric_composite,2,0.05067537727705733,0.06398430387434036,127998,offset_l2,127998,-0.00013399962335824966,-0.0003391268297247127
geometric_composite,3,0.06398430387434036,0.0760855626773524,128002,feature_cosine,128002,0.08336149156093597,0.07806240019344517
geometric_composite,3,0.06398430387434036,0.0760855626773524,128002,feature_l2,128002,-0.024684391915798187,-0.031120236913324755
geometric_composite,3,0.06398430387434036,0.0760855626773524,128002,scaling_l2,128002,0.13190878927707672,0.12295678719911274
geometric_composite,3,0.06398430387434036,0.0760855626773524,128002,offset_l2,128002,0.006351213902235031,0.006440655877397328
geometric_composite,4,0.0760855626773524,0.08895506202428984,127999,feature_cosine,127999,0.07171406596899033,0.06476059044814077
geometric_composite,4,0.0760855626773524,0.08895506202428984,127999,feature_l2,127999,-0.013082626275718212,-0.017977873455111894
geometric_composite,4,0.0760855626773524,0.08895506202428984,127999,scaling_l2,127999,0.12410084903240204,0.127955881718131
geometric_composite,4,0.0760855626773524,0.08895506202428984,127999,offset_l2,127999,0.011718397960066795,0.01274071360036839
geometric_composite,5,0.08895506202428984,0.1053613153355335,128001,feature_cosine,128001,0.07301433384418488,0.06633274167271686
geometric_composite,5,0.08895506202428984,0.1053613153355335,128001,feature_l2,128001,-0.007465478032827377,-0.018573385314659525
geometric_composite,5,0.08895506202428984,0.1053613153355335,128001,scaling_l2,128001,0.12958452105522156,0.13952049514974452
geometric_composite,5,0.08895506202428984,0.1053613153355335,128001,offset_l2,128001,0.0013899062760174274,0.004933262242645889
geometric_composite,6,0.1053613153355335,0.12899631146046472,127989,feature_cosine,127989,0.0563180074095726,0.07352928742200854
geometric_composite,6,0.1053613153355335,0.12899631146046472,127989,feature_l2,127989,0.002866164781153202,-0.015580232458656496
geometric_composite,6,0.1053613153355335,0.12899631146046472,127989,scaling_l2,127989,0.06748530268669128,0.0922347808696667
geometric_composite,6,0.1053613153355335,0.12899631146046472,127989,offset_l2,127989,-0.015684740617871284,-0.02035725650521919
geometric_composite,7,0.12899631146046472,0.1659397152259196,128011,feature_cosine,128011,0.07920140027999878,0.10285667383863972
geometric_composite,7,0.12899631146046472,0.1659397152259196,128011,feature_l2,128011,0.0040185521356761456,-0.004686262642394704
geometric_composite,7,0.12899631146046472,0.1659397152259196,128011,scaling_l2,128011,0.006565301679074764,-0.026109617424550764
geometric_composite,7,0.12899631146046472,0.1659397152259196,128011,offset_l2,128011,-0.030524596571922302,-0.05876139951958921
geometric_composite,8,0.1659397152259196,0.23748666223929218,128000,feature_cosine,128000,0.08299792557954788,0.0923412953413163
geometric_composite,8,0.1659397152259196,0.23748666223929218,128000,feature_l2,128000,0.02013411745429039,0.01191581228606736
geometric_composite,8,0.1659397152259196,0.23748666223929218,128000,scaling_l2,128000,-0.03769785910844803,-0.09611759235504422
geometric_composite,8,0.1659397152259196,0.23748666223929218,128000,offset_l2,128000,-0.04159217327833176,-0.072088914160428
geometric_composite,9,0.23748666223929218,30.282347189573574,128000,feature_cosine,128000,0.0664709210395813,0.10356814820160355
geometric_composite,9,0.23748666223929218,30.282347189573574,128000,feature_l2,128000,-0.0569908507168293,0.043141245885214015
geometric_composite,9,0.23748666223929218,30.282347189573574,128000,scaling_l2,128000,-0.21989208459854126,-0.17405292710444537
geometric_composite,9,0.23748666223929218,30.282347189573574,128000,offset_l2,128000,-0.07141165435314178,-0.07738689981565697
